type,zone_id,OA,sibling,parent
WARD,E05009291,E00190458,E05009289,E09000001
WARD,E05009293,E00000024,E05009297,E09000001
WARD,E05009294,E00166755,E05009292,E09000001
WARD,E05009295,E00166755,E05009292,E09000001
WARD,E05009296,E00166755,E05009292,E09000001
WARD,E05009298,E00166757,E05009311,E09000001
WARD,E05009300,E00166757,E05009311,E09000001
WARD,E05009301,E00166755,E05009292,E09000001
WARD,E05009303,E00166755,E05009292,E09000001
WARD,E05009306,E00166755,E05009292,E09000001
WARD,E05009307,E00190458,E05009289,E09000001
WARD,E05009309,E00166757,E05009311,E09000001
WARD,E05009312,E00166755,E05009292,E09000001
WARD,E05011090,E00096400,E05011091,E06000053
PAR,E04000108,E00039465,E04000112,E08100018
PAR,E04000141,E00044275,E04000140,E08100024
PAR,E04000202,E00056961,E04000205,E08100035
PAR,E04000214,E00058985,E04012595,E08100035
PAR,E04000225,E00060241,E04000238,E08100036
PAR,E04000235,E00059621,E04000248,E08100036
PAR,E04000250,E00059364,E04000233,E08100036
PAR,E04000251,E00059365,E04000234,E08100036
PAR,E04000253,E00060311,E04000255,E06100001
PAR,E04000259,E00060358,E04000254,E06100001
PAR,E04000279,E00061872,E04000268,E06100004
PAR,E04000292,E00062212,E04000311,E06100005
PAR,E04000293,E00062383,E04000295,E06100005
PAR,E04000294,E00062382,E04000288,E06100005
PAR,E04000298,E00062212,E04000311,E06100005
PAR,E04000300,E00062211,E04000310,E06100005
PAR,E04000301,E00062383,E04000295,E06100005
PAR,E04000305,E00062382,E04000288,E06100005
PAR,E04000377,E00065498,E04000475,E06100011
PAR,E04000392,E00065498,E04000475,E06100011
PAR,E04000404,E00065216,E04000361,E06100011
PAR,E04000520,E00066719,E04000533,E06100012
PAR,E04000523,E00066719,E04000533,E06100012
PAR,E04000532,E00066719,E04000533,E06100012
PAR,E04000550,E00067151,E04000565,E06100013
PAR,E04000563,E00066977,E04000576,E06100013
PAR,E04000625,E00069550,E04000665,E06100017
PAR,E04000629,E00172625,E04000677,E06100017
PAR,E04000632,E00069548,E04000651,E06100017
PAR,E04000633,E00069548,E04000651,E06100017
PAR,E04000636,E00069565,E04000662,E06100017
PAR,E04000639,E00069561,E04000634,E06100017
PAR,E04000646,E00069588,E04000655,E06100017
PAR,E04000657,E00069588,E04000655,E06100017
PAR,E04000659,E00172623,E04000638,E06100017
PAR,E04000663,E00069587,E04000654,E06100017
PAR,E04000669,E00069583,E04000635,E06100017
PAR,E04000671,E00069559,E04000656,E06100017
PAR,E04000672,E00172627,E04000670,E06100017
PAR,E04000673,E00069586,E04000667,E06100017
PAR,E04000674,E00069634,E04000644,E06100017
PAR,E04000678,E00069550,E04000665,E06100017
PAR,E04000680,E00069564,E04000647,E06100017
PAR,E04000693,E00070778,E04000682,E06100019
PAR,E04000699,E00070767,E04000890,E06100019
PAR,E04000701,E00070813,E04000694,E06100019
PAR,E04000708,E00071211,E04000824,E06100019
PAR,E04000715,E00168514,E04000907,E06100019
PAR,E04000717,E00070954,E04000897,E06100019
PAR,E04000720,E00071211,E04000824,E06100019
PAR,E04000721,E00070946,E04000793,E06100019
PAR,E04000722,E00070815,E04000766,E06100019
PAR,E04000723,E00070747,E04000725,E06100019
PAR,E04000728,E00070822,E04000702,E06100019
PAR,E04000729,E00070668,E04000884,E06100019
PAR,E04000731,E00070946,E04000793,E06100019
PAR,E04000737,E00070816,E04000772,E06100019
PAR,E04000740,E00071213,E04000724,E06100019
PAR,E04000742,E00070861,E04000749,E06100019
PAR,E04000743,E00070608,E04000876,E06100019
PAR,E04000745,E00070947,E04000719,E06100019
PAR,E04000746,E00070788,E04000864,E06100019
PAR,E04000751,E00070667,E04000883,E06100019
PAR,E04000753,E00070753,E04000878,E06100019
PAR,E04000755,E00070741,E04000684,E06100019
PAR,E04000759,E00070693,E04000845,E06100019
PAR,E04000767,E00070807,E04000741,E06100019
PAR,E04000769,E00070809,E04000771,E06100019
PAR,E04000770,E00070998,E04000887,E06100019
PAR,E04000780,E00168506,E04000710,E06100019
PAR,E04000794,E00070979,E04000861,E06100019
PAR,E04000798,E00070948,E04000754,E06100019
PAR,E04000801,E00168533,E04000792,E06100019
PAR,E04000805,E00070992,E04000683,E06100019
PAR,E04000810,E00070788,E04000864,E06100019
PAR,E04000811,E00070993,E04000815,E06100019
PAR,E04000814,E00187155,E04000733,E06100019
PAR,E04000818,E00070860,E04000791,E06100019
PAR,E04000834,E00070749,E04000837,E06100019
PAR,E04000841,E00070808,E04000760,E06100019
PAR,E04000850,E00070998,E04000887,E06100019
PAR,E04000854,E00070948,E04000754,E06100019
PAR,E04000855,E00070750,E04000840,E06100019
PAR,E04000868,E00168533,E04000792,E06100019
PAR,E04000871,E00070968,E04000918,E06100019
PAR,E04000885,E00071203,E04000789,E06100019
PAR,E04000886,E00070979,E04000861,E06100019
PAR,E04000889,E00070790,E04000894,E06100019
PAR,E04000898,E00070785,E04000816,E06100019
PAR,E04000902,E00070942,E04000813,E06100019
PAR,E04000904,E00070801,E04000913,E06100019
PAR,E04000912,E00070945,E04000704,E06100019
PAR,E04000914,E00070669,E04000892,E06100019
PAR,E04000928,E00173127,E04000933,E06100020
PAR,E04000980,E00189447,E04000974,E06100022
PAR,E04000987,E00072596,E04000951,E06100022
PAR,E04001118,E00078840,E04001102,E06100031
PAR,E04001120,E00079035,E04001124,E06100031
PAR,E04001159,E00082276,E04001169,E06100037
PAR,E04001199,E00082127,E04001156,E06100037
PAR,E04001202,E00082350,E04001163,E06100037
PAR,E04001257,E00084767,E04001244,E06100042
PAR,E04001276,E00175406,E04012187,E06100042
PAR,E04001458,E00089232,E04001499,E06100060
PAR,E04001459,E00089399,E04001470,E06100060
PAR,E04001479,E00089392,E04001494,E06100060
PAR,E04001483,E00169156,E04001544,E06100060
PAR,E04001484,E00089269,E04001539,E06100060
PAR,E04001496,E00089044,E04013116,E06100060
PAR,E04001500,E00089208,E04001556,E06100060
PAR,E04001520,E00089341,E04001518,E06100060
PAR,E04001543,E00169156,E04001544,E06100060
PAR,E04001545,E00178319,E04001528,E06100060
PAR,E04001676,E00091448,E04001682,E10000003
PAR,E04001689,E00091588,E04001743,E10000003
PAR,E04001691,E00091427,E04001736,E10000003
PAR,E04001707,E00091460,E04001686,E10000003
PAR,E04001720,E00091770,E04001703,E10000003
PAR,E04001722,E00091460,E04001686,E10000003
PAR,E04001744,E00091510,E04001755,E10000003
PAR,E04001749,E00091460,E04001686,E10000003
PAR,E04001750,E00091771,E04012014,E10000003
PAR,E04001812,E00092183,E04012748,E10000003
PAR,E04001834,E00092188,E04001790,E10000003
PAR,E04002385,E00096439,E04002415,E10000006
PAR,E04002387,E00179282,E04002398,E10000006
PAR,E04002421,E00179282,E04002398,E10000006
PAR,E04002429,E00096477,E04002440,E10000006
PAR,E04002441,E00096669,E04013029,E10000006
PAR,E04002452,E00097138,E04002453,E10000006
PAR,E04002455,E00097138,E04002453,E10000006
PAR,E04002476,E00097177,E04002467,E10000006
PAR,E04002526,E00097659,E04002550,E10000006
PAR,E04002534,E00097663,E04012962,E10000006
PAR,E04002537,E00097594,E04002559,E10000006
PAR,E04002542,E00097636,E04002582,E10000006
PAR,E04002553,E00097588,E04002515,E10000006
PAR,E04002571,E00097665,E04002562,E10000006
PAR,E04002579,E00097723,E04002527,E10000006
PAR,E04002581,E00097634,E04002552,E10000006
PAR,E04002601,E00168541,E04002623,E10000006
PAR,E04002605,E00098075,E04002619,E10000006
PAR,E04002625,E00098082,E04013023,E10000006
PAR,E04002631,E00097808,E04002639,E10000006
PAR,E04002654,E00168547,E04002589,E10000006
PAR,E04002680,E00179864,E04002683,E10000007
PAR,E04002687,E00098481,E04002696,E10000007
PAR,E04002714,E00099238,E04012408,E10000007
PAR,E04002715,E00099162,E04002721,E10000007
PAR,E04002716,E00099310,E04002728,E10000007
PAR,E04002719,E00099167,E04002768,E10000007
PAR,E04002726,E00099225,E04002812,E10000007
PAR,E04002734,E00099225,E04002812,E10000007
PAR,E04002735,E00099246,E04002776,E10000007
PAR,E04002737,E00099166,E04002770,E10000007
PAR,E04002738,E00099173,E04002723,E10000007
PAR,E04002753,E00174339,E04002756,E10000007
PAR,E04002755,E00099328,E04002749,E10000007
PAR,E04002759,E00174339,E04002756,E10000007
PAR,E04002764,E00174337,E04002757,E10000007
PAR,E04002766,E00174339,E04002756,E10000007
PAR,E04002767,E00099238,E04012408,E10000007
PAR,E04002773,E00099310,E04002728,E10000007
PAR,E04002774,E00099162,E04002721,E10000007
PAR,E04002775,E00099162,E04002721,E10000007
PAR,E04002779,E00174339,E04002756,E10000007
PAR,E04002787,E00099152,E04002732,E10000007
PAR,E04002790,E00099141,E04002798,E10000007
PAR,E04002791,E00099205,E04002746,E10000007
PAR,E04002795,E00099238,E04012408,E10000007
PAR,E04002801,E00099314,E04002821,E10000007
PAR,E04002802,E00174337,E04002757,E10000007
PAR,E04002804,E00099126,E04002718,E10000007
PAR,E04002807,E00099312,E04002784,E10000007
PAR,E04002818,E00099326,E04002815,E10000007
PAR,E04002829,E00099447,E04002833,E10000007
PAR,E04002839,E00099854,E04002853,E10000007
PAR,E04002847,E00099854,E04002853,E10000007
PAR,E04002849,E00180295,E04002860,E10000007
PAR,E04002885,E00180357,E04002919,E10000007
PAR,E04002888,E00100522,E04002896,E10000007
PAR,E04002889,E00180357,E04002919,E10000007
PAR,E04002892,E00100423,E04002928,E10000007
PAR,E04002895,E00180322,E04002899,E10000007
PAR,E04002910,E00100532,E04002904,E10000007
PAR,E04002929,E00100524,E04002898,E10000007
PAR,E04002952,E00100671,E04002950,E10000008
PAR,E04002968,E00100732,E04002984,E10000008
PAR,E04002975,E00100731,E04002942,E10000008
PAR,E04003002,E00100649,E04002937,E10000008
PAR,E04003008,E00101635,E04003027,E10000008
PAR,E04003016,E00101660,E04003020,E10000008
PAR,E04003034,E00101616,E04003049,E10000008
PAR,E04003041,E00101633,E04003019,E10000008
PAR,E04003058,E00101623,E04003046,E10000008
PAR,E04003060,E00101626,E04003063,E10000008
PAR,E04003073,E00101923,E04003105,E10000008
PAR,E04003101,E00101723,E04003066,E10000008
PAR,E04003106,E00101973,E04003114,E10000008
PAR,E04003112,E00101713,E04003092,E10000008
PAR,E04003122,E00101797,E04003104,E10000008
PAR,E04003123,E00101942,E04003107,E10000008
PAR,E04003153,E00102033,E04003140,E10000008
PAR,E04003200,E00102299,E04003191,E10000008
PAR,E04003221,E00102539,E04003192,E10000008
PAR,E04003233,E00165902,E04003219,E10000008
PAR,E04003240,E00102883,E04003255,E10000008
PAR,E04003260,E00102856,E04003259,E10000008
PAR,E04003261,E00102885,E04003299,E10000008
PAR,E04003267,E00102805,E04003269,E10000008
PAR,E04003270,E00102765,E04003277,E10000008
PAR,E04003272,E00102816,E04012902,E10000008
PAR,E04003276,E00102761,E04003294,E10000008
PAR,E04003282,E00102759,E04003290,E10000008
PAR,E04003303,E00102768,E04003257,E10000008
PAR,E04003315,E00102973,E04003331,E10000008
PAR,E04003318,E00102971,E04003308,E10000008
PAR,E04003355,E00102942,E04003321,E10000008
PAR,E04003359,E00102914,E04003348,E10000008
PAR,E04003399,E00103602,E04003447,E06100059
PAR,E04003411,E00103696,E04003423,E06100059
PAR,E04003412,E00103616,E04010492,E06100059
PAR,E04003419,E00103616,E04010492,E06100059
PAR,E04003425,E00171752,E04003403,E06100059
PAR,E04003439,E00103638,E04003463,E06100059
PAR,E04003445,E00103722,E04010502,E06100059
PAR,E04003454,E00103594,E04003460,E06100059
PAR,E04003455,E00171752,E04003403,E06100059
PAR,E04003462,E00103539,E04010487,E06100059
PAR,E04003470,E00103873,E04003473,E06100059
PAR,E04003472,E00103874,E04003474,E06100059
PAR,E04003475,E00103762,E04012325,E06100059
PAR,E04003496,E00104175,E04003586,E06100059
PAR,E04003497,E00166100,E04003546,E06100059
PAR,E04003500,E00104139,E04003563,E06100059
PAR,E04003511,E00104178,E04003609,E06100059
PAR,E04003517,E00104185,E04003588,E06100059
PAR,E04003521,E00103910,E04003595,E06100059
PAR,E04003526,E00103978,E04003594,E06100059
PAR,E04003529,E00104131,E04003628,E06100059
PAR,E04003534,E00104107,E04003535,E06100059
PAR,E04003536,E00104009,E04003551,E06100059
PAR,E04003541,E00104180,E04003514,E06100059
PAR,E04003544,E00104185,E04003588,E06100059
PAR,E04003545,E00166100,E04003546,E06100059
PAR,E04003550,E00104010,E04003555,E06100059
PAR,E04003553,E00103981,E04003547,E06100059
PAR,E04003554,E00103981,E04003547,E06100059
PAR,E04003562,E00103903,E04003498,E06100059
PAR,E04003564,E00166100,E04003546,E06100059
PAR,E04003566,E00104111,E04003565,E06100059
PAR,E04003571,E00103998,E04003542,E06100059
PAR,E04003573,E00104117,E04003583,E06100059
PAR,E04003574,E00103980,E04003537,E06100059
PAR,E04003581,E00103971,E04003599,E06100059
PAR,E04003584,E00104164,E04003612,E06100059
PAR,E04003592,E00103966,E04003509,E06100059
PAR,E04003598,E00104227,E04003523,E06100059
PAR,E04003606,E00104163,E04003625,E06100059
PAR,E04003607,E00104131,E04003628,E06100059
PAR,E04003611,E00103989,E04003518,E06100059
PAR,E04003613,E00104107,E04003535,E06100059
PAR,E04003614,E00104131,E04003628,E06100059
PAR,E04003617,E00104221,E04003619,E06100059
PAR,E04003620,E00104221,E04003619,E06100059
PAR,E04003621,E00104221,E04003619,E06100059
PAR,E04003627,E00104137,E04003589,E06100059
PAR,E04003785,E00106816,E04003771,E10000011
PAR,E04003786,E00106993,E04003770,E10000011
PAR,E04003787,E00106823,E04003784,E10000011
PAR,E04003790,E00106925,E04003767,E10000011
PAR,E04003817,E00107155,E04003795,E10000011
PAR,E04003831,E00170893,E04003828,E10000011
PAR,E04003885,E00108738,E04003882,E10000012
PAR,E04003895,E00108437,E04003894,E10000012
PAR,E04003912,E00108741,E04003898,E10000012
PAR,E04003913,E00108749,E04003902,E10000012
PAR,E04003917,E00108743,E04003932,E10000012
PAR,E04003965,E00109477,E04003966,E10000012
PAR,E04004003,E00109946,E04004006,E10000012
PAR,E04004050,E00111308,E04004072,E10000012
PAR,E04004162,E00112147,E04004153,E10000012
PAR,E04004167,E00112288,E04004126,E10000012
PAR,E04004183,E00112683,E04004182,E10000013
PAR,E04004186,E00186320,E04004248,E10000013
PAR,E04004191,E00112856,E04004279,E10000013
PAR,E04004216,E00112956,E04004276,E10000013
PAR,E04004219,E00112853,E04004214,E10000013
PAR,E04004227,E00112834,E04004224,E10000013
PAR,E04004231,E00186321,E04004266,E10000013
PAR,E04004237,E00112908,E04004286,E10000013
PAR,E04004253,E00112924,E04004280,E10000013
PAR,E04004255,E00112858,E04004199,E10000013
PAR,E04004265,E00112851,E04004197,E10000013
PAR,E04004275,E00112836,E04004290,E10000013
PAR,E04004288,E00168933,E04004180,E10000013
PAR,E04004289,E00112684,E04004189,E10000013
PAR,E04004336,E00113773,E04004358,E10000013
PAR,E04004371,E00113715,E04004370,E10000013
PAR,E04004405,E00169005,E04004424,E10000013
PAR,E04004441,E00114700,E04004473,E10000014
PAR,E04004447,E00114550,E04004468,E10000014
PAR,E04004467,E00114699,E04004452,E10000014
PAR,E04004480,E00114358,E04004454,E10000014
PAR,E04004482,E00114702,E04004487,E10000014
PAR,E04004484,E00114702,E04004487,E10000014
PAR,E04004485,E00114702,E04004487,E10000014
PAR,E04004595,E00117806,E04004616,E10000014
PAR,E04004598,E00117711,E04004613,E10000014
PAR,E04004601,E00117771,E04004645,E10000014
PAR,E04004609,E00117770,E04004645,E10000014
PAR,E04004610,E00117859,E04012840,E10000014
PAR,E04004618,E00117695,E04004608,E10000014
PAR,E04004619,E00117806,E04004616,E10000014
PAR,E04004650,E00118002,E04004656,E10000014
PAR,E04004771,E00119790,E04004786,E10000015
PAR,E04004791,E00119790,E04004786,E10000015
PAR,E04004816,E00173259,E04004817,E10000015
PAR,E04004829,E00167604,E04004824,E10000016
PAR,E04004837,E00186665,E04004830,E10000016
PAR,E04004943,E00123804,E04004959,E10000016
PAR,E04005025,E00124599,E04005038,E10000016
PAR,E04005060,E00124962,E04005065,E10000016
PAR,E04005185,E00127554,E04005202,E10000017
PAR,E04005192,E00127732,E04005193,E10000017
PAR,E04005208,E00127734,E04005182,E10000017
PAR,E04005262,E00128569,E04005272,E10000017
PAR,E04005264,E00128656,E04005260,E10000017
PAR,E04005266,E00174082,E04005273,E10000017
PAR,E04005268,E00128570,E04005277,E10000017
PAR,E04005269,E00128569,E04005272,E10000017
PAR,E04005282,E00128516,E04005257,E10000017
PAR,E04005284,E00128521,E04005255,E10000017
PAR,E04005290,E00174082,E04005273,E10000017
PAR,E04005292,E00129200,E04005299,E10000017
PAR,E04005355,E00130137,E04005362,E10000018
PAR,E04005364,E00130213,E04005341,E10000018
PAR,E04005399,E00130956,E04005473,E10000018
PAR,E04005406,E00130956,E04005473,E10000018
PAR,E04005407,E00130951,E04005418,E10000018
PAR,E04005411,E00130806,E04005410,E10000018
PAR,E04005417,E00130747,E04005474,E10000018
PAR,E04005421,E00130986,E04005449,E10000018
PAR,E04005424,E00130746,E04005443,E10000018
PAR,E04005426,E00130746,E04005443,E10000018
PAR,E04005428,E00130747,E04005474,E10000018
PAR,E04005429,E00130749,E04005459,E10000018
PAR,E04005434,E00130956,E04005473,E10000018
PAR,E04005445,E00130841,E04005432,E10000018
PAR,E04005446,E00130986,E04005449,E10000018
PAR,E04005448,E00130806,E04005410,E10000018
PAR,E04005450,E00130989,E04005415,E10000018
PAR,E04005453,E00130990,E04005460,E10000018
PAR,E04005456,E00130755,E04005444,E10000018
PAR,E04005457,E00130956,E04005473,E10000018
PAR,E04005463,E00130749,E04005459,E10000018
PAR,E04005466,E00130837,E04005482,E10000018
PAR,E04005484,E00130750,E04005470,E10000018
PAR,E04005489,E00130986,E04005449,E10000018
PAR,E04005553,E00131556,E04005546,E10000018
PAR,E04005565,E00131503,E04005549,E10000018
PAR,E04005594,E00132312,E04005729,E10000019
PAR,E04005595,E00169348,E04005675,E10000019
PAR,E04005600,E00132603,E04005596,E10000019
PAR,E04005607,E00132285,E04005724,E10000019
PAR,E04005610,E00132314,E04005641,E10000019
PAR,E04005611,E00132303,E04005687,E10000019
PAR,E04005616,E00132581,E04005757,E10000019
PAR,E04005618,E00132603,E04005596,E10000019
PAR,E04005620,E00132356,E04005644,E10000019
PAR,E04005625,E00169348,E04005675,E10000019
PAR,E04005639,E00132397,E04005697,E10000019
PAR,E04005643,E00132382,E04005705,E10000019
PAR,E04005647,E00132392,E04005597,E10000019
PAR,E04005652,E00169349,E04005759,E10000019
PAR,E04005655,E00132537,E04005685,E10000019
PAR,E04005656,E00132604,E04005598,E10000019
PAR,E04005657,E00169348,E04005675,E10000019
PAR,E04005658,E00132624,E04005676,E10000019
PAR,E04005659,E00132293,E04005726,E10000019
PAR,E04005660,E00132303,E04005687,E10000019
PAR,E04005662,E00132533,E04005637,E10000019
PAR,E04005674,E00132400,E04005733,E10000019
PAR,E04005682,E00132533,E04005637,E10000019
PAR,E04005691,E00132538,E04005717,E10000019
PAR,E04005692,E00132166,E04005602,E10000019
PAR,E04005693,E00132320,E04005722,E10000019
PAR,E04005698,E00132303,E04005687,E10000019
PAR,E04005703,E00132172,E04005612,E10000019
PAR,E04005708,E00132290,E04005695,E10000019
PAR,E04005709,E00132309,E04005736,E10000019
PAR,E04005710,E00132320,E04005722,E10000019
PAR,E04005715,E00169348,E04005675,E10000019
PAR,E04005730,E00132305,E04005671,E10000019
PAR,E04005749,E00132393,E04005608,E10000019
PAR,E04005752,E00132397,E04005697,E10000019
PAR,E04005755,E00132382,E04005705,E10000019
PAR,E04005756,E00132303,E04005687,E10000019
PAR,E04005761,E00132625,E04005764,E10000019
PAR,E04005767,E00169349,E04005759,E10000019
PAR,E04005769,E00132350,E04005617,E10000019
PAR,E04005772,E00132172,E04005612,E10000019
PAR,E04005777,E00133070,E04005803,E10000019
PAR,E04005783,E00132992,E04005835,E10000019
PAR,E04005791,E00133043,E04005808,E10000019
PAR,E04005796,E00133149,E04005779,E10000019
PAR,E04005826,E00133078,E04005811,E10000019
PAR,E04005844,E00133151,E04005816,E10000019
PAR,E04005876,E00185461,E04005949,E10000019
PAR,E04005883,E00169422,E04005882,E10000019
PAR,E04005887,E00169422,E04005882,E10000019
PAR,E04005890,E00133759,E04005930,E10000019
PAR,E04005901,E00169423,E04005941,E10000019
PAR,E04005923,E00133738,E04005896,E10000019
PAR,E04005933,E00133754,E04005886,E10000019
PAR,E04005942,E00133765,E04005903,E10000019
PAR,E04005955,E00133656,E04005924,E10000019
PAR,E04005956,E00134126,E04006067,E10000019
PAR,E04005957,E00133942,E04006055,E10000019
PAR,E04005964,E00134182,E04006069,E10000019
PAR,E04005965,E00185266,E04005975,E10000019
PAR,E04005966,E00134124,E04006040,E10000019
PAR,E04005968,E00134125,E04006051,E10000019
PAR,E04005969,E00133982,E04005992,E10000019
PAR,E04005971,E00134069,E04006014,E10000019
PAR,E04005972,E00133953,E04006061,E10000019
PAR,E04005973,E00134184,E04005990,E10000019
PAR,E04005977,E00134206,E04006025,E10000019
PAR,E04005978,E00134191,E04005998,E10000019
PAR,E04005987,E00133974,E04006048,E10000019
PAR,E04005988,E00133983,E04006003,E10000019
PAR,E04005989,E00134178,E04006017,E10000019
PAR,E04005999,E00134182,E04006069,E10000019
PAR,E04006002,E00134046,E04006000,E10000019
PAR,E04006009,E00134212,E04006065,E10000019
PAR,E04006033,E00134168,E04005963,E10000019
PAR,E04006034,E00133982,E04005992,E10000019
PAR,E04006039,E00134186,E04006032,E10000019
PAR,E04006046,E00134082,E04006028,E10000019
PAR,E04006047,E00133974,E04006048,E10000019
PAR,E04006050,E00134058,E04006045,E10000019
PAR,E04006056,E00133984,E04006022,E10000019
PAR,E04006057,E00134212,E04006065,E10000019
PAR,E04006062,E00134211,E04006066,E10000019
PAR,E04006064,E00134168,E04005963,E10000019
PAR,E04006073,E00134138,E04005982,E10000019
PAR,E04006075,E00134186,E04006032,E10000019
PAR,E04006076,E00134092,E04006030,E10000019
PAR,E04006078,E00134137,E04005981,E10000019
PAR,E04006099,E00134328,E04006174,E10000020
PAR,E04006104,E00169905,E04006132,E10000020
PAR,E04006107,E00169905,E04006132,E10000020
PAR,E04006116,E00134580,E04006153,E10000020
PAR,E04006118,E00169903,E04006138,E10000020
PAR,E04006133,E00134363,E04006119,E10000020
PAR,E04006135,E00134336,E04006096,E10000020
PAR,E04006149,E00134382,E04006171,E10000020
PAR,E04006152,E00134382,E04006171,E10000020
PAR,E04006161,E00169904,E04006125,E10000020
PAR,E04006173,E00169906,E04006102,E10000020
PAR,E04006177,E00134251,E04006126,E10000020
PAR,E04006179,E00134251,E04006126,E10000020
PAR,E04006185,E00134251,E04006126,E10000020
PAR,E04006186,E00134579,E04006123,E10000020
PAR,E04006191,E00134357,E04006188,E10000020
PAR,E04006198,E00134785,E04006253,E10000020
PAR,E04006201,E00134912,E04012295,E10000020
PAR,E04006203,E00135058,E04006261,E10000020
PAR,E04006206,E00134779,E04006222,E10000020
PAR,E04006208,E00134782,E04006226,E10000020
PAR,E04006230,E00134776,E04006247,E10000020
PAR,E04006236,E00134785,E04006253,E10000020
PAR,E04006238,E00134778,E04006199,E10000020
PAR,E04006255,E00134775,E04006223,E10000020
PAR,E04006280,E00135368,E04006262,E10000020
PAR,E04006283,E00135796,E04006312,E10000020
PAR,E04006286,E00135470,E04006284,E10000020
PAR,E04006297,E00169868,E04006361,E10000020
PAR,E04006307,E00135674,E04006374,E10000020
PAR,E04006313,E00135598,E04006344,E10000020
PAR,E04006314,E00135714,E04006346,E10000020
PAR,E04006324,E00135682,E04006376,E10000020
PAR,E04006328,E00135800,E04006321,E10000020
PAR,E04006354,E00135470,E04006284,E10000020
PAR,E04006357,E00135847,E04006300,E10000020
PAR,E04006364,E00169868,E04006361,E10000020
PAR,E04006400,E00136210,E04006409,E10000020
PAR,E04006408,E00135886,E04006496,E10000020
PAR,E04006434,E00136214,E04006467,E10000020
PAR,E04006437,E00135918,E04006411,E10000020
PAR,E04006529,E00136718,E04006531,E10000020
PAR,E04006561,E00136975,E04006557,E10000020
PAR,E04006562,E00136698,E04006522,E10000020
PAR,E04006595,E00136883,E04006571,E10000020
PAR,E04006597,E00136823,E04006567,E10000020
PAR,E04006607,E00136788,E04006556,E10000020
PAR,E04006632,E00137307,E04006639,E06100062
PAR,E04006643,E00137467,E04006686,E06100062
PAR,E04006648,E00137481,E04006691,E06100062
PAR,E04006655,E00137334,E04006677,E06100062
PAR,E04006661,E00137340,E04006646,E06100062
PAR,E04006667,E00137346,E04006672,E06100062
PAR,E04006668,E00137285,E04006644,E06100062
PAR,E04006670,E00137425,E04006657,E06100062
PAR,E04006694,E00137457,E04006689,E06100062
PAR,E04006703,E00189166,E04006653,E06100062
PAR,E04006720,E00137552,E04006719,E06100061
PAR,E04006734,E00137558,E04006712,E06100061
PAR,E04006735,E00172233,E04006716,E06100061
PAR,E04006738,E00137491,E04006729,E06100061
PAR,E04006743,E00137500,E04006748,E06100061
PAR,E04006751,E00172233,E04006716,E06100061
PAR,E04006753,E00137491,E04006729,E06100061
PAR,E04006756,E00137500,E04006748,E06100061
PAR,E04006757,E00137502,E04006722,E06100061
PAR,E04006782,E00138009,E04006765,E06100061
PAR,E04006783,E00138010,E04006787,E06100061
PAR,E04006799,E00138685,E04006871,E06100062
PAR,E04006856,E00138685,E04006871,E06100062
PAR,E04006860,E00138914,E04012008,E06100062
PAR,E04006861,E00138914,E04012008,E06100062
PAR,E04006868,E00138679,E04006851,E06100062
PAR,E04006874,E00138852,E04006866,E06100062
PAR,E04006876,E00138796,E04006827,E06100062
PAR,E04006879,E00139127,E04006877,E06100061
PAR,E04006891,E00169319,E04006894,E06100061
PAR,E04007060,E00189796,E04007059,E10000023
PAR,E04007062,E00189796,E04007059,E10000023
PAR,E04007067,E00140265,E04007124,E10000023
PAR,E04007069,E00140298,E04007082,E10000023
PAR,E04007080,E00140298,E04007082,E10000023
PAR,E04007087,E00140267,E04012239,E10000023
PAR,E04007089,E00140365,E04007126,E10000023
PAR,E04007090,E00140305,E04007115,E10000023
PAR,E04007092,E00140429,E04007056,E10000023
PAR,E04007093,E00189796,E04007059,E10000023
PAR,E04007101,E00140305,E04007115,E10000023
PAR,E04007105,E00140433,E04007088,E10000023
PAR,E04007108,E00140306,E04007109,E10000023
PAR,E04007112,E00140296,E04007054,E10000023
PAR,E04007127,E00140482,E04007187,E10000023
PAR,E04007128,E00140685,E04007190,E10000023
PAR,E04007133,E00140736,E04007150,E10000023
PAR,E04007138,E00140639,E04007241,E10000023
PAR,E04007140,E00140528,E04007278,E10000023
PAR,E04007141,E00140471,E04007164,E10000023
PAR,E04007149,E00140680,E04007184,E10000023
PAR,E04007154,E00140484,E04007248,E10000023
PAR,E04007155,E00140718,E04007280,E10000023
PAR,E04007156,E00140745,E04007207,E10000023
PAR,E04007157,E00140737,E04007229,E10000023
PAR,E04007161,E00140718,E04007280,E10000023
PAR,E04007162,E00140655,E04007223,E10000023
PAR,E04007170,E00140690,E04007294,E10000023
PAR,E04007171,E00140730,E04007253,E10000023
PAR,E04007172,E00140599,E04007292,E10000023
PAR,E04007176,E00140521,E04012963,E10000023
PAR,E04007177,E00140744,E04007288,E10000023
PAR,E04007178,E00140479,E04007148,E10000023
PAR,E04007179,E00140720,E04007131,E10000023
PAR,E04007181,E00140478,E04007189,E10000023
PAR,E04007185,E00140551,E04007296,E10000023
PAR,E04007191,E00140748,E04007268,E10000023
PAR,E04007193,E00140685,E04007190,E10000023
PAR,E04007194,E00140686,E04007212,E10000023
PAR,E04007197,E00140556,E04007303,E10000023
PAR,E04007199,E00140730,E04007253,E10000023
PAR,E04007205,E00140547,E04007211,E10000023
PAR,E04007206,E00140551,E04007296,E10000023
PAR,E04007208,E00140599,E04007292,E10000023
PAR,E04007214,E00140600,E04007202,E10000023
PAR,E04007216,E00140743,E04007143,E10000023
PAR,E04007218,E00140520,E04007165,E10000023
PAR,E04007219,E00140680,E04007184,E10000023
PAR,E04007220,E00140554,E04007285,E10000023
PAR,E04007221,E00140471,E04007164,E10000023
PAR,E04007228,E00140600,E04007202,E10000023
PAR,E04007235,E00140744,E04007288,E10000023
PAR,E04007236,E00140550,E04007129,E10000023
PAR,E04007239,E00140478,E04007189,E10000023
PAR,E04007240,E00140600,E04007202,E10000023
PAR,E04007245,E00140480,E04007215,E10000023
PAR,E04007249,E00140630,E04007225,E10000023
PAR,E04007254,E00140629,E04007244,E10000023
PAR,E04007257,E00140727,E04007153,E10000023
PAR,E04007260,E00140473,E04007167,E10000023
PAR,E04007264,E00140599,E04007292,E10000023
PAR,E04007269,E00140686,E04007212,E10000023
PAR,E04007270,E00140537,E04007147,E10000023
PAR,E04007271,E00189805,E04007173,E10000023
PAR,E04007272,E00140601,E04007237,E10000023
PAR,E04007275,E00140484,E04007248,E10000023
PAR,E04007279,E00140744,E04007288,E10000023
PAR,E04007282,E00140719,E04007281,E10000023
PAR,E04007283,E00140740,E04007238,E10000023
PAR,E04007289,E00140550,E04007129,E10000023
PAR,E04007293,E00140632,E04007169,E10000023
PAR,E04007295,E00140655,E04007223,E10000023
PAR,E04007298,E00140737,E04007229,E10000023
PAR,E04007299,E00140599,E04007292,E10000023
PAR,E04007301,E00170102,E04007145,E10000023
PAR,E04007302,E00140720,E04007131,E10000023
PAR,E04007322,E00141247,E04007420,E10000023
PAR,E04007325,E00140999,E04007358,E10000023
PAR,E04007326,E00171021,E04007306,E10000023
PAR,E04007328,E00141006,E04007319,E10000023
PAR,E04007334,E00140894,E04007304,E10000023
PAR,E04007335,E00189798,E04007427,E10000023
PAR,E04007336,E00140999,E04007358,E10000023
PAR,E04007340,E00140996,E04007337,E10000023
PAR,E04007344,E00141086,E04007351,E10000023
PAR,E04007347,E00141006,E04007319,E10000023
PAR,E04007349,E00140894,E04007304,E10000023
PAR,E04007352,E00141239,E04007316,E10000023
PAR,E04007360,E00189798,E04007427,E10000023
PAR,E04007363,E00140999,E04007358,E10000023
PAR,E04007366,E00171018,E04007429,E10000023
PAR,E04007376,E00141247,E04007420,E10000023
PAR,E04007379,E00141094,E04007398,E10000023
PAR,E04007381,E00141239,E04007316,E10000023
PAR,E04007383,E00140776,E04007384,E10000023
PAR,E04007390,E00141241,E04007331,E10000023
PAR,E04007391,E00141258,E04007401,E10000023
PAR,E04007392,E00189798,E04007427,E10000023
PAR,E04007396,E00141017,E04007417,E10000023
PAR,E04007405,E00141246,E04007357,E10000023
PAR,E04007416,E00140894,E04007304,E10000023
PAR,E04007424,E00140902,E04007377,E10000023
PAR,E04007425,E00141005,E04007321,E10000023
PAR,E04007426,E00141045,E04007430,E10000023
PAR,E04007428,E00141085,E04007323,E10000023
PAR,E04007432,E00140793,E04007327,E10000023
PAR,E04007433,E00140983,E04007356,E10000023
PAR,E04007434,E00141258,E04007401,E10000023
PAR,E04007437,E00141017,E04007417,E10000023
PAR,E04007440,E00140988,E04007382,E10000023
PAR,E04007446,E00141350,E04007444,E10000023
PAR,E04007455,E00141302,E04007479,E10000023
PAR,E04007462,E00141390,E04007461,E10000023
PAR,E04007467,E00141370,E04007499,E10000023
PAR,E04007470,E00141373,E04007459,E10000023
PAR,E04007473,E00141327,E04007481,E10000023
PAR,E04007474,E00141436,E04007493,E10000023
PAR,E04007475,E00141296,E04007456,E10000023
PAR,E04007476,E00141363,E04007451,E10000023
PAR,E04007478,E00141435,E04007487,E10000023
PAR,E04007482,E00141364,E04007442,E10000023
PAR,E04007484,E00141363,E04007451,E10000023
PAR,E04007492,E00141350,E04007444,E10000023
PAR,E04007495,E00141367,E04007525,E10000023
PAR,E04007496,E00141331,E04007485,E10000023
PAR,E04007498,E00141281,E04007448,E10000023
PAR,E04007500,E00189802,E04007501,E10000023
PAR,E04007503,E00141373,E04007459,E10000023
PAR,E04007509,E00189801,E04007454,E10000023
PAR,E04007510,E00189802,E04007501,E10000023
PAR,E04007513,E00141289,E04007466,E10000023
PAR,E04007518,E00141294,E04007464,E10000023
PAR,E04007526,E00141436,E04007493,E10000023
PAR,E04007529,E00189801,E04007454,E10000023
PAR,E04007533,E00141305,E04007522,E10000023
PAR,E04007534,E00141436,E04007493,E10000023
PAR,E04007536,E00141363,E04007451,E10000023
PAR,E04007537,E00141384,E04007477,E10000023
PAR,E04007538,E00141373,E04007459,E10000023
PAR,E04007540,E00171336,E04007447,E10000023
PAR,E04007543,E00141457,E04007655,E10000023
PAR,E04007550,E00189804,E04007559,E10000023
PAR,E04007561,E00141450,E04007580,E10000023
PAR,E04007563,E00141491,E04007613,E10000023
PAR,E04007564,E00141470,E04007588,E10000023
PAR,E04007565,E00141451,E04007624,E10000023
PAR,E04007566,E00141592,E04007650,E10000023
PAR,E04007569,E00141609,E04007622,E10000023
PAR,E04007570,E00141459,E04007554,E10000023
PAR,E04007572,E00141460,E04007571,E10000023
PAR,E04007574,E00141592,E04007650,E10000023
PAR,E04007576,E00141495,E04007632,E10000023
PAR,E04007578,E00141589,E04007643,E10000023
PAR,E04007581,E00141451,E04007624,E10000023
PAR,E04007585,E00189804,E04007559,E10000023
PAR,E04007591,E00141475,E04007627,E10000023
PAR,E04007597,E00170107,E04007553,E10000023
PAR,E04007598,E00141463,E04007584,E10000023
PAR,E04007600,E00141617,E04007602,E10000023
PAR,E04007614,E00141449,E04007560,E10000023
PAR,E04007621,E00170108,E04007620,E10000023
PAR,E04007633,E00141611,E04007612,E10000023
PAR,E04007634,E00141463,E04007584,E10000023
PAR,E04007635,E00141492,E04007618,E10000023
PAR,E04007636,E00141611,E04007612,E10000023
PAR,E04007649,E00141630,E04007639,E10000023
PAR,E04007654,E00141510,E04007647,E10000023
PAR,E04007656,E00141452,E04007567,E10000023
PAR,E04007659,E00141839,E04007696,E10000023
PAR,E04007661,E00141910,E04007667,E10000023
PAR,E04007670,E00141837,E04007658,E10000023
PAR,E04007679,E00141910,E04007667,E10000023
PAR,E04007689,E00141837,E04007658,E10000023
PAR,E04007693,E00141839,E04007696,E10000023
PAR,E04007698,E00141911,E04007680,E10000023
PAR,E04007702,E00141911,E04007680,E10000023
PAR,E04007703,E00141840,E04007685,E10000023
PAR,E04007710,E00142014,E04007711,E10000023
PAR,E04007728,E00142019,E04007742,E10000023
PAR,E04007740,E00142166,E04007751,E10000023
PAR,E04007748,E00142143,E04012525,E10000023
PAR,E04007753,E00142167,E04007764,E10000023
PAR,E04007754,E00142072,E04007731,E10000023
PAR,E04007769,E00142275,E04012527,E10000023
PAR,E04007770,E00142018,E04007733,E10000023
PAR,E04007779,E00142274,E04012527,E10000023
PAR,E04007785,E00142627,E04007786,E10000024
PAR,E04007791,E00142695,E04007794,E10000024
PAR,E04007795,E00173381,E04007854,E10000024
PAR,E04007813,E00142695,E04007794,E10000024
PAR,E04007829,E00142863,E04007808,E10000024
PAR,E04007834,E00142784,E04007822,E10000024
PAR,E04007839,E00142827,E04007815,E10000024
PAR,E04007847,E00142671,E04007796,E10000024
PAR,E04007848,E00173381,E04007854,E10000024
PAR,E04007849,E00173382,E04007793,E10000024
PAR,E04007853,E00142692,E04007798,E10000024
PAR,E04007877,E00144320,E04007945,E10000024
PAR,E04007893,E00144320,E04007945,E10000024
PAR,E04007906,E00176823,E04007901,E10000024
PAR,E04007907,E00144462,E04007955,E10000024
PAR,E04007910,E00176819,E04007943,E10000024
PAR,E04007914,E00144473,E04007922,E10000024
PAR,E04007917,E00144255,E04007957,E10000024
PAR,E04007918,E00144320,E04007945,E10000024
PAR,E04007926,E00144255,E04007957,E10000024
PAR,E04007927,E00144278,E04007905,E10000024
PAR,E04007933,E00144252,E04007923,E10000024
PAR,E04007934,E00144252,E04007923,E10000024
PAR,E04007944,E00144283,E04007956,E10000024
PAR,E04007946,E00144383,E04007878,E10000024
PAR,E04007950,E00144333,E04012615,E10000024
PAR,E04007966,E00144779,E04008010,E10000024
PAR,E04007974,E00144770,E04007979,E10000024
PAR,E04007986,E00144729,E04007999,E10000024
PAR,E04008001,E00144773,E04007975,E10000024
PAR,E04008002,E00144773,E04007975,E10000024
PAR,E04008007,E00144832,E04008017,E10000024
PAR,E04008009,E00144813,E04007967,E10000024
PAR,E04008016,E00144813,E04007967,E10000024
PAR,E04008046,E00145137,E04008085,E10000025
PAR,E04008050,E00145130,E04008036,E10000025
PAR,E04008062,E00145231,E04008070,E10000025
PAR,E04008068,E00169035,E04008066,E10000025
PAR,E04008074,E00145116,E04008037,E10000025
PAR,E04008100,E00146073,E04008160,E10000025
PAR,E04008117,E00145681,E04008169,E10000025
PAR,E04008124,E00185848,E04008150,E10000025
PAR,E04008144,E00145729,E04012486,E10000025
PAR,E04008167,E00146073,E04008160,E10000025
PAR,E04008180,E00146073,E04008160,E10000025
PAR,E04008184,E00145871,E04008126,E10000025
PAR,E04008202,E00146247,E04008253,E10000025
PAR,E04008219,E00146426,E04008242,E10000025
PAR,E04008231,E00146317,E04008213,E10000025
PAR,E04008235,E00146370,E04008198,E10000025
PAR,E04008273,E00146573,E04012212,E10000025
PAR,E04008279,E00146662,E04008272,E10000025
PAR,E04008286,E00146677,E04008266,E10000025
PAR,E04008291,E00146704,E04008302,E10000025
PAR,E04008292,E00146493,E04008307,E10000025
PAR,E04008296,E00146692,E04008259,E10000025
PAR,E04008297,E00146670,E04008308,E10000025
PAR,E04008298,E00146491,E04008265,E10000025
PAR,E04008300,E00146493,E04008307,E10000025
PAR,E04008317,E00146710,E04008331,E10000025
PAR,E04008320,E00146571,E04008275,E10000025
PAR,E04008332,E00169105,E04012210,E10000025
PAR,E04008333,E00146722,E04008338,E10000025
PAR,E04008334,E00146491,E04008265,E10000025
PAR,E04008573,E00147830,E04008559,E10000027
PAR,E04008584,E00147972,E04008593,E10000027
PAR,E04008630,E00148373,E04008635,E10000027
PAR,E04008657,E00148583,E04008736,E10000027
PAR,E04008679,E00148899,E04008718,E10000027
PAR,E04008681,E00148746,E04013157,E10000027
PAR,E04008689,E00148901,E04008720,E10000027
PAR,E04008691,E00148901,E04008720,E10000027
PAR,E04008694,E00148689,E04008705,E10000027
PAR,E04008763,E00148903,E04008767,E10000027
PAR,E04008780,E00167311,E04008793,E10000027
PAR,E04008817,E00149100,E04008800,E10000027
PAR,E04008831,E00149417,E04008842,E10000027
PAR,E04008837,E00149416,E04008827,E10000027
PAR,E04008855,E00149418,E04008861,E10000027
PAR,E04008858,E00149487,E04008841,E10000027
PAR,E04008860,E00149469,E04008845,E10000027
PAR,E04008896,E00150138,E04008905,E10000028
PAR,E04008906,E00149993,E04008879,E10000028
PAR,E04008938,E00150393,E04008918,E10000028
PAR,E04009026,E00172337,E04009063,E10000028
PAR,E04009047,E00172337,E04009063,E10000028
PAR,E04009082,E00152410,E04009102,E10000029
PAR,E04009096,E00152381,E04009120,E10000029
PAR,E04009123,E00152265,E04009073,E10000029
PAR,E04009132,E00152243,E04009098,E10000029
PAR,E04009134,E00152402,E04009133,E10000029
PAR,E04009166,E00153139,E04009192,E10000029
PAR,E04009167,E00153199,E04009242,E10000029
PAR,E04009179,E00153358,E04009250,E10000029
PAR,E04009203,E00153092,E04009236,E10000029
PAR,E04009219,E00153097,E04009221,E10000029
PAR,E04009224,E00153263,E04012739,E10000029
PAR,E04009246,E00153373,E04009176,E10000029
PAR,E04009249,E00153373,E04009176,E10000029
PAR,E04009260,E00173699,E04009182,E10000029
PAR,E04009263,E00153176,E04009262,E10000029
PAR,E04009277,E00153106,E04009232,E10000029
PAR,E04009285,E00153621,E04009336,E10000029
PAR,E04009327,E00153548,E04009325,E10000029
PAR,E04009330,E00153564,E04009329,E10000029
PAR,E04009332,E00183320,E04009324,E10000029
PAR,E04009335,E00153717,E04009312,E10000029
PAR,E04009355,E00153621,E04009336,E10000029
PAR,E04009363,E00153632,E04009358,E10000029
PAR,E04009378,E00153974,E04009406,E10000029
PAR,E04009383,E00173879,E04009385,E10000029
PAR,E04009388,E00173879,E04009385,E10000029
PAR,E04009390,E00187867,E04009387,E10000029
PAR,E04009394,E00153856,E04009412,E10000029
PAR,E04009397,E00153999,E04009373,E10000029
PAR,E04009399,E00154133,E04009477,E10000029
PAR,E04009409,E00153991,E04009440,E10000029
PAR,E04009415,E00153978,E04009439,E10000029
PAR,E04009427,E00153744,E04009418,E10000029
PAR,E04009430,E00154008,E04009429,E10000029
PAR,E04009453,E00154079,E04009447,E10000029
PAR,E04009458,E00153975,E04009428,E10000029
PAR,E04009464,E00154108,E04009375,E10000029
PAR,E04009469,E00154006,E04009416,E10000029
PAR,E04009474,E00173879,E04009385,E10000029
PAR,E04009488,E00154173,E04009526,E10000029
PAR,E04009493,E00154531,E04009486,E10000029
PAR,E04009494,E00154488,E04009534,E10000029
PAR,E04009512,E00154534,E04009500,E10000029
PAR,E04009516,E00154476,E04009518,E10000029
PAR,E04009519,E00154473,E04009514,E10000029
PAR,E04009521,E00154469,E04009482,E10000029
PAR,E04009522,E00154469,E04009482,E10000029
PAR,E04009528,E00154531,E04009486,E10000029
PAR,E04009646,E00158175,E04009641,E10000031
PAR,E04009649,E00158115,E04009634,E10000031
PAR,E04009671,E00158947,E04009699,E10000031
PAR,E04009678,E00158849,E04009667,E10000031
PAR,E04009689,E00186843,E04009666,E10000031
PAR,E04009694,E00158830,E04009693,E10000031
PAR,E04009705,E00159125,E04009769,E10000031
PAR,E04009708,E00159107,E04009752,E10000031
PAR,E04009712,E00158978,E04012356,E10000031
PAR,E04009716,E00159014,E04009792,E10000031
PAR,E04009719,E00159085,E04013111,E10000031
PAR,E04009720,E00159049,E04009809,E10000031
PAR,E04009727,E00159323,E04009794,E10000031
PAR,E04009734,E00159157,E04009739,E10000031
PAR,E04009743,E00159049,E04009809,E10000031
PAR,E04009745,E00159015,E04009744,E10000031
PAR,E04009753,E00172277,E04009737,E10000031
PAR,E04009760,E00172288,E04009763,E10000031
PAR,E04009773,E00159049,E04009809,E10000031
PAR,E04009782,E00172288,E04009763,E10000031
PAR,E04009784,E00159049,E04009809,E10000031
PAR,E04009797,E00159185,E04009761,E10000031
PAR,E04009799,E00159049,E04009809,E10000031
PAR,E04009823,E00159507,E04009835,E10000031
PAR,E04009825,E00159494,E04009839,E10000031
PAR,E04009876,E00160070,E04009865,E10000032
PAR,E04009881,E00166610,E04009932,E10000032
PAR,E04009883,E00166610,E04009932,E10000032
PAR,E04009911,E00160757,E04009918,E10000032
PAR,E04009916,E00160676,E04009891,E10000032
PAR,E04009930,E00160727,E04009903,E10000032
PAR,E04009936,E00160522,E04009895,E10000032
PAR,E04009994,E00162004,E04009993,E10000032
PAR,E04010297,E00164202,E04010337,E10000034
PAR,E04010313,E00164244,E04010350,E10000034
PAR,E04010323,E00164135,E04010315,E10000034
PAR,E04010333,E00164239,E04010310,E10000034
PAR,E04010340,E00164308,E04010295,E10000034
PAR,E04010354,E00165224,E04010428,E10000034
PAR,E04010362,E00165207,E04010423,E10000034
PAR,E04010365,E00165337,E04010432,E10000034
PAR,E04010374,E00165337,E04010432,E10000034
PAR,E04010377,E00165320,E04010422,E10000034
PAR,E04010383,E00165333,E04010409,E10000034
PAR,E04010384,E00165275,E04010421,E10000034
PAR,E04010413,E00165119,E04010389,E10000034
PAR,E04010416,E00165334,E04010412,E10000034
PAR,E04010419,E00164978,E04010406,E10000034
PAR,E04010440,E00181283,E04010429,E10000034
PAR,E04010501,E00103722,E04010502,E06100059
PAR,E04010504,E00103730,E04003406,E06100059
PAR,E04010508,E00137378,E04013020,E06100062
PAR,E04010512,E00137481,E04006691,E06100062
PAR,E04010560,E00153228,E04009210,E10000029
PAR,E04010563,E00153134,E04010541,E10000029
PAR,E04010592,E00105847,E04010684,E06100047
PAR,E04010597,E00105888,E04010644,E06100047
PAR,E04010609,E00105908,E04010697,E06100047
PAR,E04010623,E00105885,E04010604,E06100047
PAR,E04010633,E00105884,E04010600,E06100047
PAR,E04010641,E00105890,E04010657,E06100047
PAR,E04010645,E00105904,E04010660,E06100047
PAR,E04010646,E00105847,E04010684,E06100047
PAR,E04010651,E00105848,E04010722,E06100047
PAR,E04010668,E00105888,E04010644,E06100047
PAR,E04010671,E00105408,E04010689,E06100047
PAR,E04010675,E00105849,E04010590,E06100047
PAR,E04010679,E00105907,E04010656,E06100047
PAR,E04010680,E00105885,E04010604,E06100047
PAR,E04010707,E00105888,E04010644,E06100047
PAR,E04010711,E00105918,E04010713,E06100047
PAR,E04010720,E00106108,E04010719,E06100047
PAR,E04010723,E00104958,E04010602,E06100047
PAR,E04010724,E00105887,E04010694,E06100047
PAR,E04010728,E00139328,E04010816,E06100057
PAR,E04010739,E00140013,E04010817,E06100057
PAR,E04010746,E00139236,E04010733,E06100057
PAR,E04010750,E00176348,E04010815,E06100057
PAR,E04010760,E00139304,E04010745,E06100057
PAR,E04010771,E00139306,E04010812,E06100057
PAR,E04010788,E00140010,E04010867,E06100057
PAR,E04010803,E00139255,E04010807,E06100057
PAR,E04010832,E00139332,E04010781,E06100057
PAR,E04010855,E00139306,E04010812,E06100057
PAR,E04010907,E00094153,E04011017,E06100049
PAR,E04010922,E00093426,E04010909,E06100049
PAR,E04010932,E00093064,E04010900,E06100049
PAR,E04010937,E00093427,E04010914,E06100049
PAR,E04010940,E00093262,E04010908,E06100049
PAR,E04010961,E00093426,E04010909,E06100049
PAR,E04010964,E00094151,E04010969,E06100049
PAR,E04010989,E00094153,E04011017,E06100049
PAR,E04010993,E00093254,E04010898,E06100049
PAR,E04010998,E00093269,E04010988,E06100049
PAR,E04011000,E00094122,E04011016,E06100049
PAR,E04011011,E00093070,E04010958,E06100049
PAR,E04011026,E00093421,E04010968,E06100049
PAR,E04011033,E00092601,E04012588,E06100050
PAR,E04011034,E00092688,E04011075,E06100050
PAR,E04011046,E00092689,E04011171,E06100050
PAR,E04011062,E00092440,E43000272,E06100050
PAR,E04011063,E00092601,E04012588,E06100050
PAR,E04011064,E00092587,E04012588,E06100050
PAR,E04011066,E00092674,E04011107,E06100050
PAR,E04011080,E00092493,E04012983,E06100050
PAR,E04011110,E00092690,E04011052,E06100050
PAR,E04011189,E00092601,E04012588,E06100050
PAR,E04011206,E00147666,E04011345,E06100051
PAR,E04011211,E00146935,E04011199,E06100051
PAR,E04011218,E00147657,E04011289,E06100051
PAR,E04011227,E00146910,E04011264,E06100051
PAR,E04011234,E00146896,E04011248,E06100051
PAR,E04011242,E00147479,E04011295,E06100051
PAR,E04011254,E00147707,E04011312,E06100051
PAR,E04011261,E00146917,E04011315,E06100051
PAR,E04011266,E00146950,E04011364,E06100051
PAR,E04011268,E00147719,E04011310,E06100051
PAR,E04011274,E00146917,E04011315,E06100051
PAR,E04011285,E00147694,E04011328,E06100051
PAR,E04011288,E00147652,E04011367,E06100051
PAR,E04011292,E00147479,E04011295,E06100051
PAR,E04011316,E00147703,E04011330,E06100051
PAR,E04011327,E00147648,E04011381,E06100051
PAR,E04011331,E00146900,E04011210,E06100051
PAR,E04011338,E00147002,E04011253,E06100051
PAR,E04011347,E00147478,E04011273,E06100051
PAR,E04011354,E00147580,E04011259,E06100051
PAR,E04011359,E00147770,E04011287,E06100051
PAR,E04011360,E00146979,E04011369,E06100051
PAR,E04011376,E00146935,E04011199,E06100051
PAR,E04011390,E00147691,E04011277,E06100051
PAR,E04011394,E00147483,E04011361,E06100051
PAR,E04011468,E00095808,E04011558,E06100052
PAR,E04011571,E00096212,E04011552,E06100052
PAR,E04011573,E00095933,E04013068,E06100052
PAR,E04011594,E00095798,E04011595,E06100052
PAR,E04011597,E00095803,E04011435,E06100052
PAR,E04011622,E00163150,E04011633,E06100054
PAR,E04011631,E00162634,E04011865,E06100054
PAR,E04011634,E00163228,E04011717,E06100054
PAR,E04011644,E00162973,E04011800,E06100054
PAR,E04011648,E00163628,E04011744,E06100054
PAR,E04011659,E00162591,E04011729,E06100054
PAR,E04011665,E00162614,E04011858,E06100054
PAR,E04011678,E00162587,E04011836,E06100054
PAR,E04011703,E00162629,E04011627,E06100054
PAR,E04011707,E00162985,E04011787,E06100054
PAR,E04011736,E00163258,E04011669,E06100054
PAR,E04011747,E00163602,E04011732,E06100054
PAR,E04011813,E00163596,E04011641,E06100054
PAR,E04011830,E00163145,E04011637,E06100054
PAR,E04011930,E00088127,E04011971,E06100056
PAR,E04011944,E00087996,E04011942,E06100056
PAR,E04011948,E00088014,E04011992,E06100056
PAR,E04011975,E00088127,E04011971,E06100056
PAR,E04012066,E00188256,E04012069,E06100004
PAR,E04012183,E00084744,E04001266,E06100042
PAR,E04012202,E00110722,E04012201,E10000012
PAR,E04012242,E00140326,E04012243,E10000023
PAR,E04012277,E00153101,E04012276,E10000029
PAR,E04012294,E00134748,E04006234,E10000020
PAR,E04012349,E00140437,E04007065,E10000023
PAR,E04012497,E00145918,E04008185,E10000025
PAR,E04012518,E00141386,E04012519,E10000023
PAR,E04012533,E00092693,E04012532,E06100050
PAR,E04012540,E00092674,E04011107,E06100050
PAR,E04012547,E00092611,E04011059,E06100050
PAR,E04012562,E00092599,E04012588,E06100050
PAR,E04012649,E00062212,E04000311,E06100005
PAR,E04012729,E00096400,E04012730,E06100053
PAR,E04012878,E00070740,E04012879,E06100019
PAR,E04012960,E00097617,E04012961,E10000006
PAR,E04013037,E00189015,E04013036,E06100061
PAR,E04013101,E00187078,E43000276,E08100035
PAR,E04013118,E00178393,E04013117,E06100060
PAR,E04013137,E00139075,E04006885,E06100061
