var_id,level,ref_id
1002,0,1001
1003,0,1001
7002,0,1001
7003,0,1001
7004,0,1001
7005,0,1001
7006,0,1001
7007,0,1001
7008,0,1001
7009,0,1001
7010,0,1001
7011,0,1001
7012,0,1001
7013,0,1001
7014,0,1001
7015,0,1001
7016,0,1001
7017,0,1001
7018,0,1001
7019,0,1001
7020,0,1001
7021,0,1001
7022,0,1001
7023,0,1001
7024,0,1001
7025,0,1001
7026,0,1001
7027,0,1001
7028,0,1001
7029,0,1001
7030,0,1001
7031,0,1001
7032,0,1001
7033,0,1001
7034,0,1001
7035,0,1001
7036,0,1001
7037,0,1001
7038,0,1001
7039,0,1001
7040,0,1001
7041,0,1001
7042,0,1001
7043,0,1001
7044,0,1001
7045,0,1001
7046,0,1001
7047,0,1001
7048,0,1001
7049,0,1001
7050,0,1001
7051,0,1001
7052,0,1001
7053,0,1001
7054,0,1001
7055,0,1001
7056,0,1001
7057,0,1001
7058,0,1001
7059,0,1001
7060,0,1001
7061,0,1001
7062,0,1001
7063,0,1001
7064,0,1001
7065,0,1001
7066,0,1001
7067,0,1001
7068,0,1001
7069,0,1001
7070,0,1001
7071,0,1001
7072,0,1001
7073,0,1001
7074,0,1001
7075,0,1001
7076,0,1001
7077,0,1001
7078,0,1001
7079,0,1001
7080,0,1001
7081,0,1001
7082,0,1001
7083,0,1001
7084,0,1001
7085,0,1001
7086,0,1001
7087,0,1001
7088,0,1001
7089,0,1001
7090,0,1001
7091,0,1001
7092,0,1001
7093,0,1001
7094,0,1001
7095,0,1001
7096,0,1001
7097,0,1001
7098,0,1001
7099,0,1001
7100,0,1001
7101,0,1001
7102,0,1001
7103,0,1001
7104,0,1001
7105,0,1001
7106,0,1001
7107,0,1001
7108,0,1001
7109,0,1001
7110,0,1001
7111,0,1001
7112,0,1001
7113,0,1001
8002,0,1001
8003,0,1001
9002,0,1001
9003,0,1001
9004,0,1001
9005,0,1001
9006,0,1001
9007,0,1001
9008,0,1001
9009,0,1001
9010,0,1001
9011,0,1001
9012,0,1001
9013,0,1001
9014,0,1001
9015,0,1001
9016,0,1001
9017,0,1001
9018,0,1001
9019,0,1001
9020,0,1001
9021,0,1001
9022,0,1001
9023,0,1001
9024,0,1001
9025,0,1001
9026,0,1001
9027,0,1001
9028,0,1001
9029,0,1001
9030,0,1001
9031,0,1001
9032,0,1001
9033,0,1001
9034,0,1001
9035,0,1001
9036,0,1001
9037,0,1001
9038,0,1001
9039,0,1001
9040,0,1001
9041,0,1001
9042,0,1001
9043,0,1001
9044,0,1001
9045,0,1001
9046,0,1001
9047,0,1001
9048,0,1001
9049,0,1001
9050,0,1001
9051,0,1001
9052,0,1001
9053,0,1001
9054,0,1001
9055,0,1001
9056,0,1001
9057,0,1001
9058,0,1001
9059,0,1001
9060,0,1001
9061,0,1001
9062,0,1001
9063,0,1001
9064,0,1001
9065,0,1001
9066,0,1001
9067,0,1001
9068,0,1001
9069,0,1001
9070,0,1001
9071,0,1001
9072,0,1001
9073,0,1001
9074,0,1001
9075,0,1001
9076,0,1001
9077,0,1001
9078,0,1001
9079,0,1001
9080,0,1001
9081,0,1001
9082,0,1001
9083,0,1001
9084,0,1001
9085,0,1001
9086,0,1001
9087,0,1001
9088,0,1001
9089,0,1001
9090,0,1001
9091,0,1001
9092,0,1001
9093,0,1001
9094,0,1001
9095,0,1001
9096,0,1001
9097,0,1001
9098,0,1001
9099,0,1001
9100,0,1001
9101,0,1001
9102,0,1001
9103,0,1001
9104,0,1001
9105,0,1001
9106,0,1001
9107,0,1001
9108,0,1001
9109,0,1001
9110,0,1001
9111,0,1001
9112,0,1001
9113,0,1001
9114,0,1001
9115,0,1001
9116,0,1001
9117,0,1001
9118,0,1001
9119,0,1001
9120,0,1001
9121,0,1001
9122,0,1001
9123,0,1001
9124,0,1001
9125,0,1001
9126,0,1001
9127,0,1001
9128,0,1001
9129,0,1001
9130,0,1001
9131,0,1001
9132,0,1001
9133,0,1001
9134,0,1001
9135,0,1001
9136,0,1001
9137,0,1001
9138,0,1001
9139,0,1001
9140,0,1001
9141,0,1001
9142,0,1001
9143,0,1001
9144,0,1001
9145,0,1001
9146,0,1001
9147,0,1001
9148,0,1001
9149,0,1001
9150,0,1001
9151,0,1001
9152,0,1001
9153,0,1001
9154,0,1001
9155,0,1001
9156,0,1001
9157,0,1001
9158,0,1001
9159,0,1001
9160,0,1001
9161,0,1001
9162,0,1001
9163,0,1001
9164,0,1001
9165,0,1001
9166,0,1001
9167,0,1001
9168,0,1001
9169,0,1001
9170,0,1001
9171,0,1001
9172,0,1001
9173,0,1001
9174,0,1001
9175,0,1001
9176,0,1001
9177,0,1001
9178,0,1001
9179,0,1001
9180,0,1001
9181,0,1001
9182,0,1001
9183,0,1001
9184,0,1001
9185,0,1001
9186,0,1001
9187,0,1001
9188,0,1001
9189,0,1001
9190,0,1001
9191,0,1001
9192,0,1001
9193,0,1001
9194,0,1001
9195,0,1001
9196,0,1001
9197,0,1001
9198,0,1001
9199,0,1001
9200,0,1001
9201,0,1001
9202,0,1001
9203,0,1001
9204,0,1001
9205,0,1001
9206,0,1001
9207,0,1001
9208,0,1001
9209,0,1001
9210,0,1001
9211,0,1001
9212,0,1001
9213,0,1001
9214,0,1001
9215,0,1001
9216,0,1001
9217,0,1001
9218,0,1001
9219,0,1001
9220,0,1001
9221,0,1001
9222,0,1001
9223,0,1001
9224,0,1001
9225,0,1001
9226,0,1001
9227,0,1001
9228,0,1001
9229,0,1001
9230,0,1001
9231,0,1001
9232,0,1001
9233,0,1001
9234,0,1001
9235,0,1001
9236,0,1001
9237,0,1001
9238,0,1001
9239,0,1001
9240,0,1001
9241,0,1001
9242,0,1001
9243,0,1001
9244,0,1001
9245,0,1001
9246,0,1001
9247,0,1001
9248,0,1001
9249,0,1001
9250,0,1001
9251,0,1001
9252,0,1001
9253,0,1001
9254,0,1001
9255,0,1001
9256,0,1001
9257,0,1001
9258,0,1001
9259,0,1001
9260,0,1001
9261,0,1001
9262,0,1001
9263,0,1001
9264,0,1001
9265,0,1001
9266,0,1001
9267,0,1001
9268,0,1001
9269,0,1001
9270,0,1001
9271,0,1001
9272,0,1001
9273,0,1001
9274,0,1001
9275,0,1001
9276,0,1001
9277,0,1001
9278,0,1001
9279,0,1001
9280,0,1001
9281,0,1001
9282,0,1001
9283,0,1001
9284,0,1001
9285,0,1001
9286,0,1001
9287,0,1001
9288,0,1001
9289,0,1001
9290,0,1001
9291,0,1001
9292,0,1001
9293,0,1001
9294,0,1001
9295,0,1001
9296,0,1001
9297,0,1001
9298,0,1001
9299,0,1001
9300,0,1001
9301,0,1001
9302,0,1001
9303,0,1001
9304,0,1001
9305,0,1001
9306,0,1001
9307,0,1001
9308,0,1001
9309,0,1001
4002,0,1001
4003,0,1001
4004,0,1001
4005,0,1001
4006,0,1001
4007,0,1001
4008,0,1001
4009,0,1001
4010,0,1001
4011,0,1001
4012,0,1001
4013,0,1001
4014,0,1001
4015,0,1001
12002,0,1001
12003,0,1001
12004,0,1001
12005,0,1001
12006,0,1001
12007,0,1001
12008,0,1001
12009,0,1001
12010,0,1001
12011,0,1001
12012,0,1001
12013,0,1001
12014,0,1001
12015,0,1001
12016,0,1001
12017,0,1001
12018,0,1001
12019,0,1001
12020,0,1001
12021,0,1001
12022,0,1001
12023,0,1001
12024,0,1001
12025,0,1001
12026,0,1001
12027,0,1001
12028,0,1001
12029,0,1001
12030,0,1001
12031,0,1001
12032,0,1001
12033,0,1001
12034,0,1001
12035,0,1001
12036,0,1001
12037,0,1001
12038,0,1001
12039,0,1001
12040,0,1001
12041,0,1001
12042,0,1001
12043,0,1001
12044,0,1001
12045,0,1001
12046,0,1001
12047,0,1001
12048,0,1001
12049,0,1001
12050,0,1001
12051,0,1001
12052,0,1001
12053,0,1001
12054,0,1001
12055,0,1001
12056,0,1001
12057,0,1001
12058,0,1001
12059,0,1001
12060,0,1001
12061,0,1001
12062,0,1001
12063,0,1001
12064,0,1001
12065,0,1001
12066,0,1001
12067,0,1001
12068,0,1001
12069,0,1001
12070,0,1001
12071,0,1001
12072,0,1001
12073,0,1001
12074,0,1001
12075,0,1001
12076,0,1001
12077,0,1001
12078,0,1001
12079,0,1001
12080,0,1001
12081,0,1001
12082,0,1001
12083,0,1001
5002,0,1001
5003,0,1001
5004,0,1001
5005,0,1001
5006,0,1001
5007,0,1001
5008,0,1001
5009,0,1001
5010,0,1001
5011,0,1001
5012,0,1001
5013,0,1001
5014,0,1001
5015,0,1001
5016,0,1001
5017,0,1001
5018,0,1001
5019,0,1001
5020,0,1001
5021,0,1001
5022,0,1001
5023,0,1001
5024,0,1001
5025,0,1001
5026,0,1001
5027,0,1001
5028,0,1001
5029,0,1001
5030,0,1001
5031,0,1001
5032,0,1001
5033,0,1001
5034,0,1001
13002,0,1001
13003,0,1001
13004,0,1001
13005,0,1001
13006,0,1001
13007,0,1001
13008,0,1001
13009,0,1001
13010,0,1001
13011,0,1001
13012,0,1001
13013,0,1001
13014,0,1001
13015,0,1001
13016,0,1001
13017,0,1001
13018,0,1001
13019,0,1001
13020,0,1001
13021,0,1001
13022,0,1001
13023,0,1001
13024,0,1001
13025,0,1001
13026,0,1001
13027,0,1001
13028,0,1001
13029,0,1001
13030,0,1001
13031,0,1001
13032,0,1001
13033,0,1001
13034,0,1001
13035,0,1001
13036,0,1001
13037,0,1001
13038,0,1001
13039,0,1001
13040,0,1001
13041,0,1001
13042,0,1001
13043,0,1001
13044,0,1001
13045,0,1001
13046,0,1001
13047,0,1001
13048,0,1001
13049,0,1001
13050,0,1001
13051,0,1001
13052,0,1001
13053,0,1001
13054,0,1001
13055,0,1001
13056,0,1001
13057,0,1001
13058,0,1001
13059,0,1001
13060,0,1001
13061,0,1001
13062,0,1001
13063,0,1001
13064,0,1001
13065,0,1001
13066,0,1001
13067,0,1001
13068,0,1001
13069,0,1001
15002,0,1001
15003,0,1001
15004,0,1001
15005,0,1001
15006,0,1001
15007,0,1001
15008,0,1001
15009,0,1001
15010,0,1001
15011,0,1001
15012,0,1001
15013,0,1001
18002,0,1001
18003,0,1001
18004,0,1001
18005,0,1001
18006,0,1001
18007,0,1001
18008,0,1001
18009,0,1001
18010,0,1001
18011,0,1001
18012,0,1001
18013,0,1001
18014,0,1001
18015,0,1001
18016,0,1001
18017,0,1001
18018,0,1001
18019,0,1001
16002,0,1001
16003,0,1001
16004,0,1001
16005,0,1001
16006,0,1001
19002,0,1001
19003,0,1001
19004,0,1001
19005,0,1001
21002,0,1001
21003,0,1001
21004,0,1001
21005,0,1001
21006,0,1001
21007,0,1001
21008,0,1001
21009,0,1001
21010,0,1001
21011,0,1001
21012,0,1001
21013,0,1001
21014,0,1001
21015,0,1001
21016,0,1001
21017,0,1001
21018,0,1001
21019,0,1001
21020,0,1001
21021,0,1001
21022,0,1001
21023,0,1001
21024,0,1001
21025,0,1001
22002,0,1001
22003,0,1001
22004,0,1001
22005,0,1001
22006,0,1001
22007,0,1001
22008,0,1001
22009,0,1001
22010,0,1001
22011,0,1001
22012,0,1001
22013,0,1001
22014,0,1001
22015,0,1001
22016,0,1001
22017,0,1001
22018,0,1001
22019,0,1001
22020,0,1001
22021,0,1001
22022,0,1001
22023,0,1001
22024,0,1001
22025,0,1001
22026,0,1001
22027,0,1001
22028,0,1001
22029,0,1001
22030,0,1001
22031,0,1001
22032,0,1001
22033,0,1001
22034,0,1001
22035,0,1001
22036,0,1001
22037,0,1001
22038,0,1001
22039,0,1001
22040,0,1001
22041,0,1001
22042,0,1001
22043,0,1001
22044,0,1001
22045,0,1001
22046,0,1001
22047,0,1001
22048,0,1001
22049,0,1001
22050,0,1001
22051,0,1001
22052,0,1001
22053,0,1001
22054,0,1001
22055,0,1001
22056,0,1001
22057,0,1001
22058,0,1001
22059,0,1001
22060,0,1001
22061,0,1001
22062,0,1001
22063,0,1001
22064,0,1001
22065,0,1001
22066,0,1001
22067,0,1001
22068,0,1001
22069,0,1001
22070,0,1001
22071,0,1001
22072,0,1001
22073,0,1001
22074,0,1001
22075,0,1001
22076,0,1001
22077,0,1001
22078,0,1001
22079,0,1001
22080,0,1001
22081,0,1001
22082,0,1001
22083,0,1001
22084,0,1001
22085,0,1001
22086,0,1001
22087,0,1001
22088,0,1001
22089,0,1001
22090,0,1001
22091,0,1001
22092,0,1001
22093,0,1001
22094,0,1001
22095,0,1001
22096,0,1001
22097,0,1001
22098,0,1001
22099,0,1001
22100,0,1001
22101,0,1001
22102,0,1001
22103,0,1001
22104,0,1001
22105,0,1001
22106,0,1001
22107,0,1001
22108,0,1001
22109,0,1001
22110,0,1001
22111,0,1001
22112,0,1001
22113,0,1001
22114,0,1001
22115,0,1001
22116,0,1001
22117,0,1001
22118,0,1001
22119,0,1001
22120,0,1001
22121,0,1001
22122,0,1001
22123,0,1001
22124,0,1001
22125,0,1001
22126,0,1001
22127,0,1001
22128,0,1001
22129,0,1001
22130,0,1001
22131,0,1001
22132,0,1001
22133,0,1001
22134,0,1001
22135,0,1001
22136,0,1001
22137,0,1001
22138,0,1001
22139,0,1001
22140,0,1001
22141,0,1001
22142,0,1001
22143,0,1001
22144,0,1001
22145,0,1001
22146,0,1001
22147,0,1001
22148,0,1001
22149,0,1001
22150,0,1001
22151,0,1001
22152,0,1001
22153,0,1001
22154,0,1001
22155,0,1001
22156,0,1001
22157,0,1001
22158,0,1001
22159,0,1001
22160,0,1001
22161,0,1001
22162,0,1001
22163,0,1001
22164,0,1001
22165,0,1001
22166,0,1001
22167,0,1001
22168,0,1001
22169,0,1001
22170,0,1001
22171,0,1001
22172,0,1001
22173,0,1001
22174,0,1001
22175,0,1001
22176,0,1001
22177,0,1001
22178,0,1001
22179,0,1001
22180,0,1001
22181,0,1001
22182,0,1001
22183,0,1001
22184,0,1001
22185,0,1001
22186,0,1001
22187,0,1001
22188,0,1001
22189,0,1001
22190,0,1001
22191,0,1001
22192,0,1001
22193,0,1001
22194,0,1001
22195,0,1001
22196,0,1001
22197,0,1001
22198,0,1001
22199,0,1001
22200,0,1001
22201,0,1001
22202,0,1001
22203,0,1001
22204,0,1001
22205,0,1001
22206,0,1001
22207,0,1001
22208,0,1001
22209,0,1001
22210,0,1001
22211,0,1001
22212,0,1001
22213,0,1001
22214,0,1001
22215,0,1001
22216,0,1001
22217,0,1001
22218,0,1001
22219,0,1001
22220,0,1001
22221,0,1001
22222,0,1001
22223,0,1001
22224,0,1001
22225,0,1001
22226,0,1001
22227,0,1001
22228,0,1001
22229,0,1001
22230,0,1001
22231,0,1001
22232,0,1001
22233,0,1001
22234,0,1001
22235,0,1001
22236,0,1001
22237,0,1001
22238,0,1001
22239,0,1001
22240,0,1001
22241,0,1001
22242,0,1001
22243,0,1001
22244,0,1001
22245,0,1001
22246,0,1001
22247,0,1001
22248,0,1001
22249,0,1001
22250,0,1001
22251,0,1001
22252,0,1001
22253,0,1001
22254,0,1001
22255,0,1001
22256,0,1001
22257,0,1001
22258,0,1001
22259,0,1001
22260,0,1001
22261,0,1001
22262,0,1001
22263,0,1001
22264,0,1001
22265,0,1001
22266,0,1001
22267,0,1001
22268,0,1001
22269,0,1001
22270,0,1001
22271,0,1001
22272,0,1001
22273,0,1001
22274,0,1001
22275,0,1001
22276,0,1001
22277,0,1001
22278,0,1001
22279,0,1001
22280,0,1001
22281,0,1001
22282,0,1001
22283,0,1001
22284,0,1001
22285,0,1001
22286,0,1001
22287,0,1001
22288,0,1001
22289,0,1001
22290,0,1001
22291,0,1001
22292,0,1001
22293,0,1001
22294,0,1001
27002,0,1001
27003,0,1001
27004,0,1001
27005,0,1001
27006,0,1001
27007,0,1001
27008,0,1001
27009,0,1001
27010,0,1001
27011,0,1001
27012,0,1001
27013,0,1001
27014,0,1001
27015,0,1001
27016,0,1001
27017,0,1001
27018,0,1001
27019,0,1001
27020,0,1001
28002,0,1001
28003,0,1001
28004,0,1001
28005,0,1001
28006,0,1001
28007,0,1001
28008,0,1001
28009,0,1001
28010,0,1001
28011,0,1001
28012,0,1001
28013,0,1001
28014,0,1001
28015,0,1001
28016,0,1001
28017,0,1001
28018,0,1001
28019,0,1001
28020,0,1001
28021,0,1001
28022,0,1001
28023,0,1001
28024,0,1001
28025,0,1001
28026,0,1001
28027,0,1001
28028,0,1001
28029,0,1001
28030,0,1001
28031,0,1001
28032,0,1001
28033,0,1001
28034,0,1001
28035,0,1001
28036,0,1001
28037,0,1001
28038,0,1001
28039,0,1001
28040,0,1001
28041,0,1001
28042,0,1001
28043,0,1001
28044,0,1001
28045,0,1001
28046,0,1001
28047,0,1001
28048,0,1001
28049,0,1001
28050,0,1001
28051,0,1001
28052,0,1001
28053,0,1001
28054,0,1001
28055,0,1001
28056,0,1001
28057,0,1001
28058,0,1001
28059,0,1001
28060,0,1001
28061,0,1001
28062,0,1001
28063,0,1001
28064,0,1001
28065,0,1001
28066,0,1001
28067,0,1001
28068,0,1001
28069,0,1001
28070,0,1001
28071,0,1001
28072,0,1001
28073,0,1001
28074,0,1001
28075,0,1001
28076,0,1001
28077,0,1001
28078,0,1001
28079,0,1001
28080,0,1001
28081,0,1001
28082,0,1001
28083,0,1001
28084,0,1001
28085,0,1001
28086,0,1001
28087,0,1001
28088,0,1001
28089,0,1001
28090,0,1001
28091,0,1001
30002,0,1001
30003,0,1001
30004,0,1001
30005,0,1001
30006,0,1001
30007,0,1001
30008,0,1001
30009,0,1001
30010,0,1001
31002,0,1001
31003,0,1001
31004,0,1001
31005,0,1001
31006,0,1001
31007,0,1001
31008,0,1001
31009,0,1001
31010,0,1001
31011,0,1001
31012,0,1001
31013,0,1001
31014,0,1001
31015,0,1001
31016,0,1001
31017,0,1001
31018,0,1001
31019,0,1001
31020,0,1001
31021,0,1001
31022,0,1001
31023,0,1001
31024,0,1001
31025,0,1001
31026,0,1001
31027,0,1001
31028,0,1001
31029,0,1001
31030,0,1001
31031,0,1001
31032,0,1001
31033,0,1001
31034,0,1001
31035,0,1001
31036,0,1001
31037,0,1001
31038,0,1001
31039,0,1001
31040,0,1001
31041,0,1001
31042,0,1001
31043,0,1001
31044,0,1001
31045,0,1001
31046,0,1001
31047,0,1001
31048,0,1001
31049,0,1001
31050,0,1001
31051,0,1001
31052,0,1001
31053,0,1001
31054,0,1001
31055,0,1001
31056,0,1001
31057,0,1001
31058,0,1001
31059,0,1001
31060,0,1001
2002,0,2001
2003,0,2001
2004,0,2001
2005,0,2001
2006,0,2001
2007,0,2001
2008,0,2001
2009,0,2001
2010,0,2001
2011,0,2001
2012,0,2001
2013,0,2001
2014,0,2001
2015,0,2001
2016,0,2001
2017,0,2001
2018,0,2001
2004,1,2003
2005,1,2003
2006,1,2003
2007,1,2003
2008,1,2003
2009,1,2003
2005,2,2004
2006,2,2004
2008,2,2007
2009,2,2007
2011,1,2010
2012,1,2010
2014,1,2013
2015,1,2013
2017,1,2016
2018,1,2016
3002,0,3001
3003,0,3001
3004,0,3001
3005,0,3001
3006,0,3001
3007,0,3001
3008,0,3001
3009,0,3001
3010,0,3001
3011,0,3001
3012,0,3001
3013,0,3001
3014,0,3001
3015,0,3001
3016,0,3001
3017,0,3001
3018,0,3001
3019,0,3001
3020,0,3001
3021,0,3001
3022,0,3001
17002,0,3001
17003,0,3001
17004,0,3001
17005,0,3001
17006,0,3001
17007,0,3001
17008,0,3001
17009,0,3001
17010,0,3001
11002,0,3001
11003,0,3001
11004,0,3001
11005,0,3001
11006,0,3001
23002,0,3001
23003,0,3001
23004,0,3001
23005,0,3001
23006,0,3001
25002,0,3001
25003,0,3001
25004,0,3001
25005,0,3001
26002,0,3001
26003,0,3001
26004,0,3001
26005,0,3001
26006,0,3001
75002,0,3001
75003,0,3001
75004,0,3001
75005,0,3001
75006,0,3001
75007,0,3001
3003,1,3002
3004,1,3002
3006,1,3005
3007,1,3005
3008,1,3005
3009,1,3005
3010,1,3005
3011,1,3005
3012,1,3005
3013,1,3005
3014,1,3005
3015,1,3005
3016,1,3005
3017,1,3005
3018,1,3005
3008,2,3007
3009,2,3007
3010,2,3007
3012,2,3011
3013,2,3011
3014,2,3011
3016,2,3015
3017,2,3015
3021,1,3020
3022,1,3020
4003,1,4002
4004,1,4002
4005,1,4002
4006,1,4002
4007,1,4002
4008,1,4002
4009,1,4002
4005,2,4004
4006,2,4004
4007,2,4004
4008,2,4004
5003,1,5002
5004,1,5002
5005,1,5002
5006,1,5002
5007,1,5002
5008,1,5002
5009,1,5002
5010,1,5002
5011,1,5002
5012,1,5002
5013,1,5002
5014,1,5002
5015,1,5002
5016,1,5002
5017,1,5002
5018,1,5002
5006,2,5005
5007,2,5005
5008,2,5005
5009,2,5005
5010,2,5005
5011,2,5005
5012,2,5005
5013,2,5005
5014,2,5005
5015,2,5005
5016,2,5005
5017,2,5005
5018,2,5005
5007,3,5006
5008,3,5006
5009,3,5006
5010,3,5006
5011,3,5006
5012,3,5006
5013,3,5006
5014,3,5006
5015,3,5006
5017,3,5016
5018,3,5016
5020,1,5019
5021,1,5019
5022,1,5019
5024,1,5023
5025,1,5023
5026,1,5023
5027,1,5023
5028,1,5023
5030,1,5029
5031,1,5029
7003,1,7002
7004,1,7002
7005,1,7002
7006,1,7002
7007,1,7002
7009,1,7008
7010,1,7008
7011,1,7008
7012,1,7008
7013,1,7008
7015,1,7014
7016,1,7014
7017,1,7014
7018,1,7014
7019,1,7014
7020,1,7014
7022,1,7021
7023,1,7021
7024,1,7021
7025,1,7021
7027,1,7026
7028,1,7026
7029,1,7026
7030,1,7026
7031,1,7026
7033,1,7032
7034,1,7032
7035,1,7032
7036,1,7032
7037,1,7032
7038,1,7032
7039,1,7032
7040,1,7032
7041,1,7032
7042,1,7032
7044,1,7043
7045,1,7043
7046,1,7043
7047,1,7043
7048,1,7043
7049,1,7043
7050,1,7043
7051,1,7043
7052,1,7043
7053,1,7043
7054,1,7043
7055,1,7043
7056,1,7043
7057,1,7043
7058,1,7043
7060,1,7059
7061,1,7059
7062,1,7059
7063,1,7059
7064,1,7059
7065,1,7059
7066,1,7059
7067,1,7059
7068,1,7059
7069,1,7059
7070,1,7059
7071,1,7059
7072,1,7059
7073,1,7059
7074,1,7059
7076,1,7075
7077,1,7075
7078,1,7075
7079,1,7075
7080,1,7075
7081,1,7075
7082,1,7075
7083,1,7075
7084,1,7075
7085,1,7075
7087,1,7086
7088,1,7086
7089,1,7086
7090,1,7086
7091,1,7086
7092,1,7086
7093,1,7086
7094,1,7086
7095,1,7086
7096,1,7086
7098,1,7097
7099,1,7097
7100,1,7097
7101,1,7097
7102,1,7097
7103,1,7097
7104,1,7097
7105,1,7097
7106,1,7097
7107,1,7097
7108,1,7097
7109,1,7097
7110,1,7097
7111,1,7097
7112,1,7097
7113,1,7097
9105,1,8002
9106,1,8002
9107,1,8002
9108,1,8002
9109,1,8002
9110,1,8002
9111,1,8002
9112,1,8002
9113,1,8002
9114,1,8002
9115,1,8002
9116,1,8002
9117,1,8002
9118,1,8002
9119,1,8002
9120,1,8002
9121,1,8002
9122,1,8002
9123,1,8002
9124,1,8002
9125,1,8002
9126,1,8002
9127,1,8002
9128,1,8002
9129,1,8002
9130,1,8002
9131,1,8002
9132,1,8002
9133,1,8002
9134,1,8002
9135,1,8002
9136,1,8002
9137,1,8002
9138,1,8002
9139,1,8002
9140,1,8002
9141,1,8002
9142,1,8002
9143,1,8002
9144,1,8002
9145,1,8002
9146,1,8002
9147,1,8002
9148,1,8002
9149,1,8002
9150,1,8002
9151,1,8002
9152,1,8002
9153,1,8002
9154,1,8002
9155,1,8002
9156,1,8002
9157,1,8002
9158,1,8002
9159,1,8002
9160,1,8002
9161,1,8002
9162,1,8002
9163,1,8002
9164,1,8002
9165,1,8002
9166,1,8002
9167,1,8002
9168,1,8002
9169,1,8002
9170,1,8002
9171,1,8002
9172,1,8002
9173,1,8002
9174,1,8002
9175,1,8002
9176,1,8002
9177,1,8002
9178,1,8002
9179,1,8002
9180,1,8002
9181,1,8002
9182,1,8002
9183,1,8002
9184,1,8002
9185,1,8002
9186,1,8002
9187,1,8002
9188,1,8002
9189,1,8002
9190,1,8002
9191,1,8002
9192,1,8002
9193,1,8002
9194,1,8002
9195,1,8002
9196,1,8002
9197,1,8002
9198,1,8002
9199,1,8002
9200,1,8002
9201,1,8002
9202,1,8002
9203,1,8002
9204,1,8002
9205,1,8002
9206,1,8002
9208,1,8003
9209,1,8003
9210,1,8003
9211,1,8003
9212,1,8003
9213,1,8003
9214,1,8003
9215,1,8003
9216,1,8003
9217,1,8003
9218,1,8003
9219,1,8003
9220,1,8003
9221,1,8003
9222,1,8003
9223,1,8003
9224,1,8003
9225,1,8003
9226,1,8003
9227,1,8003
9228,1,8003
9229,1,8003
9230,1,8003
9231,1,8003
9232,1,8003
9233,1,8003
9234,1,8003
9235,1,8003
9236,1,8003
9237,1,8003
9238,1,8003
9239,1,8003
9240,1,8003
9241,1,8003
9242,1,8003
9243,1,8003
9244,1,8003
9245,1,8003
9246,1,8003
9247,1,8003
9248,1,8003
9249,1,8003
9250,1,8003
9251,1,8003
9252,1,8003
9253,1,8003
9254,1,8003
9255,1,8003
9256,1,8003
9257,1,8003
9258,1,8003
9259,1,8003
9260,1,8003
9261,1,8003
9262,1,8003
9263,1,8003
9264,1,8003
9265,1,8003
9266,1,8003
9267,1,8003
9268,1,8003
9269,1,8003
9270,1,8003
9271,1,8003
9272,1,8003
9273,1,8003
9274,1,8003
9275,1,8003
9276,1,8003
9277,1,8003
9278,1,8003
9279,1,8003
9280,1,8003
9281,1,8003
9282,1,8003
9283,1,8003
9284,1,8003
9285,1,8003
9286,1,8003
9287,1,8003
9288,1,8003
9289,1,8003
9290,1,8003
9291,1,8003
9292,1,8003
9293,1,8003
9294,1,8003
9295,1,8003
9296,1,8003
9297,1,8003
9298,1,8003
9299,1,8003
9300,1,8003
9301,1,8003
9302,1,8003
9303,1,8003
9304,1,8003
9305,1,8003
9306,1,8003
9307,1,8003
9308,1,8003
9309,1,8003
9003,1,9002
9004,1,9002
9005,1,9002
9006,1,9002
9007,1,9002
9009,1,9008
9010,1,9008
9011,1,9008
9012,1,9008
9013,1,9008
9015,1,9014
9016,1,9014
9017,1,9014
9018,1,9014
9019,1,9014
9020,1,9014
9022,1,9021
9023,1,9021
9024,1,9021
9025,1,9021
9027,1,9026
9028,1,9026
9029,1,9026
9030,1,9026
9031,1,9026
9033,1,9032
9034,1,9032
9035,1,9032
9036,1,9032
9037,1,9032
9038,1,9032
9039,1,9032
9040,1,9032
9041,1,9032
9042,1,9032
9044,1,9043
9045,1,9043
9046,1,9043
9047,1,9043
9048,1,9043
9049,1,9043
9050,1,9043
9051,1,9043
9052,1,9043
9053,1,9043
9054,1,9043
9055,1,9043
9056,1,9043
9057,1,9043
9058,1,9043
9060,1,9059
9061,1,9059
9062,1,9059
9063,1,9059
9064,1,9059
9065,1,9059
9066,1,9059
9067,1,9059
9068,1,9059
9069,1,9059
9070,1,9059
9071,1,9059
9072,1,9059
9073,1,9059
9074,1,9059
9076,1,9075
9077,1,9075
9078,1,9075
9079,1,9075
9080,1,9075
9081,1,9075
9082,1,9075
9083,1,9075
9084,1,9075
9085,1,9075
9087,1,9086
9088,1,9086
9089,1,9086
9090,1,9086
9091,1,9086
9092,1,9086
9093,1,9086
9094,1,9086
9095,1,9086
9096,1,9086
9098,1,9097
9099,1,9097
9100,1,9097
9101,1,9097
9102,1,9097
9103,1,9097
9106,2,9105
9107,2,9105
9108,2,9105
9109,2,9105
9110,2,9105
9112,2,9111
9113,2,9111
9114,2,9111
9115,2,9111
9116,2,9111
9118,2,9117
9119,2,9117
9120,2,9117
9121,2,9117
9122,2,9117
9123,2,9117
9125,2,9124
9126,2,9124
9127,2,9124
9128,2,9124
9130,2,9129
9131,2,9129
9132,2,9129
9133,2,9129
9134,2,9129
9136,2,9135
9137,2,9135
9138,2,9135
9139,2,9135
9140,2,9135
9141,2,9135
9142,2,9135
9143,2,9135
9144,2,9135
9145,2,9135
9147,2,9146
9148,2,9146
9149,2,9146
9150,2,9146
9151,2,9146
9152,2,9146
9153,2,9146
9154,2,9146
9155,2,9146
9156,2,9146
9157,2,9146
9158,2,9146
9159,2,9146
9160,2,9146
9161,2,9146
9163,2,9162
9164,2,9162
9165,2,9162
9166,2,9162
9167,2,9162
9168,2,9162
9169,2,9162
9170,2,9162
9171,2,9162
9172,2,9162
9173,2,9162
9174,2,9162
9175,2,9162
9176,2,9162
9177,2,9162
9179,2,9178
9180,2,9178
9181,2,9178
9182,2,9178
9183,2,9178
9184,2,9178
9185,2,9178
9186,2,9178
9187,2,9178
9188,2,9178
9190,2,9189
9191,2,9189
9192,2,9189
9193,2,9189
9194,2,9189
9195,2,9189
9196,2,9189
9197,2,9189
9198,2,9189
9199,2,9189
9201,2,9200
9202,2,9200
9203,2,9200
9204,2,9200
9205,2,9200
9206,2,9200
9209,2,9208
9210,2,9208
9211,2,9208
9212,2,9208
9213,2,9208
9215,2,9214
9216,2,9214
9217,2,9214
9218,2,9214
9219,2,9214
9221,2,9220
9222,2,9220
9223,2,9220
9224,2,9220
9225,2,9220
9226,2,9220
9228,2,9227
9229,2,9227
9230,2,9227
9231,2,9227
9233,2,9232
9234,2,9232
9235,2,9232
9236,2,9232
9237,2,9232
9239,2,9238
9240,2,9238
9241,2,9238
9242,2,9238
9243,2,9238
9244,2,9238
9245,2,9238
9246,2,9238
9247,2,9238
9248,2,9238
9250,2,9249
9251,2,9249
9252,2,9249
9253,2,9249
9254,2,9249
9255,2,9249
9256,2,9249
9257,2,9249
9258,2,9249
9259,2,9249
9260,2,9249
9261,2,9249
9262,2,9249
9263,2,9249
9264,2,9249
9266,2,9265
9267,2,9265
9268,2,9265
9269,2,9265
9270,2,9265
9271,2,9265
9272,2,9265
9273,2,9265
9274,2,9265
9275,2,9265
9276,2,9265
9277,2,9265
9278,2,9265
9279,2,9265
9280,2,9265
9282,2,9281
9283,2,9281
9284,2,9281
9285,2,9281
9286,2,9281
9287,2,9281
9288,2,9281
9289,2,9281
9290,2,9281
9291,2,9281
9293,2,9292
9294,2,9292
9295,2,9292
9296,2,9292
9297,2,9292
9298,2,9292
9299,2,9292
9300,2,9292
9301,2,9292
9302,2,9292
9304,2,9303
9305,2,9303
9306,2,9303
9307,2,9303
9308,2,9303
9309,2,9303
10002,0,10001
10003,0,10001
10004,0,10001
10005,0,10001
10006,0,10001
10007,0,10001
10008,0,10001
10009,0,10001
10010,0,10001
10011,0,10001
10012,0,10001
10013,0,10001
10014,0,10001
10015,0,10001
10003,1,10002
10004,1,10002
10005,1,10002
10006,1,10002
10007,1,10002
10008,1,10002
10009,1,10002
10004,2,10003
10005,2,10003
10008,2,10007
10009,2,10007
10011,1,10010
10012,1,10010
10013,1,10010
10014,1,10010
10015,1,10010
12003,1,12002
12004,1,12002
12005,1,12002
12006,1,12002
12007,1,12002
12008,1,12002
12009,1,12002
12010,1,12002
12011,1,12002
12012,1,12002
12013,1,12002
12014,1,12002
12015,1,12002
12016,1,12002
12017,1,12002
12018,1,12002
12019,1,12002
12020,1,12002
12021,1,12002
12022,1,12002
12023,1,12002
12024,1,12002
12025,1,12002
12026,1,12002
12027,1,12002
12028,1,12002
12029,1,12002
12004,2,12003
12005,2,12003
12006,2,12003
12007,2,12003
12008,2,12003
12009,2,12003
12011,2,12010
12012,2,12010
12013,2,12010
12014,2,12010
12015,2,12010
12016,2,12010
12017,2,12010
12018,2,12010
12019,2,12010
12020,2,12010
12021,2,12010
12022,2,12010
12023,2,12010
12024,2,12010
12025,2,12010
12026,2,12010
12027,2,12010
12028,2,12010
12029,2,12010
12012,3,12011
12013,3,12011
12014,3,12011
12015,3,12011
12016,3,12011
12017,3,12011
12018,3,12011
12019,3,12011
12020,3,12011
12021,3,12011
12022,3,12011
12023,3,12011
12024,3,12011
12025,3,12011
12026,3,12011
12028,3,12027
12029,3,12027
12031,1,12030
12032,1,12030
12033,1,12030
12034,1,12030
12035,1,12030
12036,1,12030
12037,1,12030
12038,1,12030
12039,1,12030
12040,1,12030
12041,1,12030
12042,1,12030
12033,2,12032
12034,2,12032
12035,2,12032
12037,2,12036
12038,2,12036
12039,2,12036
12040,2,12036
12041,2,12036
12044,1,12043
12045,1,12043
12046,1,12043
12047,1,12043
12048,1,12043
12049,1,12043
12050,1,12043
12051,1,12043
12052,1,12043
12053,1,12043
12054,1,12043
12055,1,12043
12056,1,12043
12057,1,12043
12058,1,12043
12059,1,12043
12060,1,12043
12061,1,12043
12062,1,12043
12063,1,12043
12064,1,12043
12045,2,12044
12046,2,12044
12047,2,12044
12049,2,12048
12050,2,12048
12051,2,12048
12053,2,12052
12054,2,12052
12055,2,12052
12056,2,12052
12057,2,12052
12058,2,12052
12060,2,12059
12061,2,12059
12062,2,12059
12063,2,12059
12066,1,12065
12067,1,12065
12068,1,12065
12069,1,12065
12070,1,12065
12071,1,12065
12072,1,12065
12073,1,12065
12074,1,12065
12075,1,12065
12076,1,12065
12067,2,12066
12068,2,12066
12069,2,12066
12071,2,12070
12073,2,12072
12075,2,12074
12076,2,12074
12078,1,12077
12079,1,12077
12080,1,12077
12081,1,12077
12082,1,12077
12079,2,12078
12080,2,12078
12081,2,12078
24002,0,24001
24003,0,24001
24004,0,24001
24005,0,24001
24006,0,24001
24007,0,24001
24008,0,24001
24009,0,24001
24010,0,24001
24011,0,24001
24012,0,24001
24013,0,24001
24014,0,24001
24015,0,24001
24016,0,24001
24017,0,24001
24018,0,24001
24019,0,24001
24020,0,24001
24021,0,24001
24022,0,24001
24023,0,24001
24024,0,24001
24025,0,24001
24026,0,24001
24027,0,24001
24028,0,24001
24029,0,24001
24030,0,24001
24031,0,24001
24032,0,24001
24033,0,24001
24034,0,24001
24035,0,24001
24036,0,24001
24037,0,24001
24038,0,24001
24039,0,24001
24040,0,24001
24041,0,24001
24042,0,24001
24043,0,24001
24044,0,24001
24045,0,24001
24046,0,24001
24047,0,24001
24048,0,24001
24049,0,24001
24050,0,24001
24051,0,24001
24052,0,24001
24053,0,24001
24054,0,24001
24055,0,24001
24056,0,24001
24057,0,24001
24058,0,24001
24059,0,24001
24060,0,24001
24061,0,24001
24062,0,24001
24063,0,24001
24064,0,24001
24065,0,24001
24066,0,24001
24067,0,24001
24068,0,24001
24069,0,24001
24070,0,24001
24071,0,24001
24072,0,24001
24073,0,24001
24074,0,24001
24075,0,24001
24076,0,24001
24077,0,24001
24078,0,24001
24079,0,24001
24080,0,24001
24081,0,24001
24082,0,24001
24083,0,24001
24084,0,24001
24085,0,24001
24086,0,24001
24087,0,24001
24088,0,24001
24089,0,24001
24090,0,24001
24091,0,24001
24092,0,24001
24093,0,24001
24094,0,24001
24095,0,24001
24096,0,24001
24097,0,24001
24098,0,24001
24099,0,24001
24100,0,24001
24101,0,24001
24102,0,24001
24103,0,24001
24104,0,24001
24105,0,24001
24106,0,24001
29002,0,24001
29003,0,24001
29004,0,24001
29005,0,24001
29006,0,24001
29007,0,24001
24005,1,24004
24006,1,24004
24007,1,24004
24008,1,24004
24009,1,24004
24010,1,24004
24011,1,24004
24012,1,24004
24013,1,24004
24018,1,24017
24019,1,24017
24020,1,24017
24021,1,24017
24022,1,24017
24023,1,24017
24024,1,24017
24025,1,24017
24026,1,24017
24027,1,24017
24028,1,24017
24029,1,24017
24030,1,24017
24031,1,24017
24032,1,24017
24033,1,24017
24034,1,24017
24035,1,24017
24036,1,24017
24038,1,24037
24039,1,24037
24040,1,24037
24041,1,24037
24045,1,24044
24046,1,24044
24051,1,24050
24052,1,24050
24053,1,24050
24054,1,24050
24055,1,24050
24057,1,24056
24058,1,24056
24059,1,24056
24060,1,24056
24061,1,24056
24062,1,24056
24063,1,24056
24064,1,24056
24065,1,24056
24066,1,24056
24067,1,24056
24068,1,24056
24069,1,24056
24071,1,24070
24072,1,24070
24073,1,24070
24074,1,24070
24075,1,24070
24076,1,24070
24077,1,24070
24078,1,24070
24079,1,24070
24080,1,24070
24084,1,24083
24085,1,24083
24087,1,24086
24088,1,24086
24089,1,24086
24090,1,24086
24091,1,24086
24092,1,24086
24093,1,24086
24094,1,24086
24095,1,24086
24096,1,24086
24097,1,24086
24098,1,24086
24099,1,24086
24100,1,24086
24101,1,24086
24103,1,24102
24104,1,24102
24105,1,24102
28003,1,28002
28004,1,28002
28005,1,28002
28006,1,28002
28007,1,28002
28008,1,28002
28009,1,28002
28010,1,28002
28011,1,28002
28012,1,28002
28013,1,28002
28014,1,28002
28015,1,28002
28017,1,28016
28018,1,28016
28019,1,28016
28020,1,28016
28021,1,28016
28022,1,28016
28023,1,28016
28024,1,28016
28025,1,28016
28026,1,28016
28027,1,28016
28028,1,28016
28029,1,28016
28030,1,28016
28031,1,28016
28032,1,28016
28033,1,28016
28034,1,28016
28035,1,28016
28036,1,28016
28037,1,28016
28038,1,28016
28039,1,28016
28040,1,28016
28041,1,28016
28042,1,28016
28043,1,28016
28044,1,28016
28045,1,28016
28046,1,28016
28047,1,28016
28048,1,28016
28049,1,28016
28050,1,28016
28051,1,28016
28052,1,28016
28053,1,28016
28054,1,28016
28055,1,28016
28056,1,28016
28057,1,28016
28058,1,28016
28059,1,28016
28060,1,28016
28061,1,28016
28062,1,28016
28063,1,28016
28064,1,28016
28065,1,28016
28066,1,28016
28067,1,28016
28068,1,28016
28069,1,28016
28070,1,28016
28071,1,28016
28072,1,28016
28073,1,28016
28074,1,28016
28075,1,28016
28076,1,28016
28077,1,28016
28078,1,28016
28079,1,28016
28080,1,28016
28081,1,28016
28082,1,28016
28083,1,28016
28084,1,28016
28085,1,28016
28086,1,28016
28087,1,28016
28088,1,28016
28089,1,28016
28090,1,28016
28091,1,28016
28024,2,28023
28025,2,28023
28026,2,28023
28027,2,28023
28028,2,28023
28029,2,28023
28030,2,28023
28031,2,28023
28032,2,28023
28033,2,28023
28034,2,28023
28035,2,28023
28036,2,28023
28037,2,28023
28025,3,28024
28026,3,28024
28027,3,28024
28028,3,28024
28029,3,28024
28030,3,28024
28031,3,28024
28032,3,28024
28033,3,28024
28034,3,28024
28036,3,28035
28037,3,28035
28039,2,28038
28040,2,28038
28041,2,28038
28042,2,28038
28043,2,28038
28044,2,28038
28045,2,28038
28046,2,28038
28047,2,28038
28048,2,28038
28049,2,28038
28041,3,28040
28042,3,28040
28043,3,28040
28045,3,28044
28046,3,28044
28047,3,28044
28048,3,28044
28049,3,28044
28051,2,28050
28052,2,28050
28053,2,28050
28054,2,28050
28055,2,28050
28056,2,28050
28057,2,28050
28058,2,28050
28059,2,28050
28060,2,28050
28061,2,28050
28062,2,28050
28063,2,28050
28064,2,28050
28065,2,28050
28066,2,28050
28067,2,28050
28068,2,28050
28069,2,28050
28070,2,28050
28071,2,28050
28072,2,28050
28073,2,28050
28074,2,28050
28052,3,28051
28053,3,28051
28054,3,28051
28055,3,28051
28057,3,28056
28058,3,28056
28059,3,28056
28060,3,28056
28062,3,28061
28063,3,28061
28064,3,28061
28065,3,28061
28066,3,28061
28067,3,28061
28069,3,28068
28070,3,28068
28071,3,28068
28072,3,28068
28073,3,28068
28074,3,28068
28076,2,28075
28077,2,28075
28078,2,28075
28079,2,28075
28080,2,28075
28081,2,28075
28082,2,28075
28083,2,28075
28084,2,28075
28077,3,28076
28078,3,28076
28079,3,28076
28083,3,28082
28084,3,28082
28086,2,28085
28087,2,28085
28088,2,28085
28089,2,28085
28090,2,28085
28087,3,28086
28088,3,28086
28089,3,28086
29004,1,29003
29005,1,29003
29006,1,29003
29007,1,29003
31009,1,31008
31010,1,31008
31011,1,31008
31012,1,31008
31013,1,31008
31014,1,31008
31016,1,31015
31017,1,31015
31018,1,31015
31019,1,31015
31020,1,31015
31021,1,31015
31022,1,31015
31023,1,31015
31024,1,31015
31025,1,31015
31026,1,31015
31027,1,31015
31028,1,31015
31029,1,31015
31030,1,31015
31031,1,31015
31032,1,31015
31033,1,31015
31034,1,31015
31035,1,31015
31036,1,31015
31037,1,31015
31038,1,31015
31039,1,31015
31040,1,31015
31041,1,31015
31042,1,31015
31043,1,31015
31044,1,31015
31045,1,31015
31046,1,31015
31047,1,31015
31048,1,31015
31049,1,31015
31050,1,31015
31051,1,31015
31052,1,31015
31053,1,31015
31054,1,31015
31055,1,31015
31056,1,31015
31057,1,31015
31058,1,31015
31059,1,31015
59003,1,59002
59004,1,59002
59006,1,59005
59007,1,59005
60003,1,60002
60004,1,60002
60005,1,60002
60007,1,60006
60008,1,60006
60009,1,60006
60010,1,60006
60011,1,60006
60013,1,60012
60014,1,60012
60015,1,60012
60016,1,60012
60017,1,60012
60018,1,60012
60019,1,60012
60020,1,60012
60021,1,60012
60022,1,60012
60023,1,60012
60024,1,60012
60025,1,60012
60026,1,60012
60027,1,60012
60028,1,60012
60029,1,60012
60030,1,60012
60031,1,60012
60032,1,60012
60033,1,60012
60034,1,60012
60035,1,60012
60036,1,60012
60038,1,60037
60040,1,60039
60041,1,60039
60042,1,60039
60043,1,60039
60045,1,60044
60047,1,60046
60048,1,60046
60049,1,60046
60050,1,60046
60052,1,60051
60053,1,60051
60054,1,60051
60055,1,60051
60056,1,60051
60058,1,60057
60059,1,60057
60061,1,60060
60062,1,60060
60063,1,60060
60064,1,60060
60065,1,60060
60066,1,60060
60068,1,60067
60069,1,60067
60071,1,60070
60073,1,60072
60075,1,60074
60076,1,60074
60077,1,60074
60078,1,60074
60079,1,60074
60080,1,60074
60082,1,60081
60083,1,60081
60084,1,60081
60085,1,60081
60086,1,60081
60087,1,60081
60089,1,60088
60091,1,60090
60093,1,60092
60094,1,60092
60095,1,60092
60097,1,60096
60098,1,60096
60099,1,60096
60100,1,60096
60101,1,60096
60102,1,60096
60103,1,60096
60104,1,60096
60105,1,60096
60106,1,60096
63002,0,63001
63003,0,63001
63004,0,63001
63005,0,63001
63006,0,63001
63007,0,63001
63008,0,63001
63009,0,63001
63010,0,63001
64002,0,63001
64003,0,63001
64004,0,63001
64005,0,63001
64006,0,63001
64007,0,63001
64008,0,63001
64009,0,63001
64010,0,63001
64011,0,63001
64012,0,63001
64013,0,63001
64014,0,63001
64015,0,63001
64016,0,63001
64017,0,63001
64018,0,63001
64019,0,63001
64020,0,63001
64021,0,63001
64022,0,63001
64023,0,63001
64024,0,63001
64025,0,63001
64026,0,63001
64027,0,63001
64028,0,63001
64029,0,63001
64030,0,63001
64031,0,63001
64032,0,63001
64033,0,63001
64034,0,63001
64035,0,63001
64036,0,63001
64037,0,63001
64038,0,63001
64039,0,63001
64040,0,63001
64041,0,63001
64042,0,63001
64043,0,63001
64044,0,63001
64045,0,63001
64046,0,63001
64047,0,63001
64048,0,63001
64049,0,63001
64050,0,63001
64051,0,63001
64052,0,63001
64053,0,63001
64054,0,63001
64055,0,63001
64056,0,63001
64057,0,63001
64058,0,63001
64059,0,63001
64060,0,63001
64061,0,63001
64062,0,63001
64063,0,63001
64064,0,63001
64065,0,63001
64066,0,63001
64067,0,63001
64068,0,63001
64069,0,63001
64070,0,63001
64071,0,63001
64072,0,63001
64073,0,63001
64074,0,63001
64075,0,63001
64076,0,63001
64077,0,63001
64078,0,63001
64079,0,63001
64080,0,63001
64081,0,63001
64082,0,63001
64083,0,63001
64084,0,63001
64085,0,63001
64086,0,63001
64087,0,63001
64088,0,63001
64089,0,63001
64090,0,63001
64091,0,63001
64092,0,63001
64093,0,63001
64094,0,63001
64095,0,63001
64096,0,63001
64097,0,63001
64098,0,63001
64099,0,63001
64100,0,63001
64101,0,63001
64102,0,63001
64103,0,63001
64104,0,63001
64105,0,63001
60002,0,63001
60003,0,63001
60004,0,63001
60005,0,63001
60006,0,63001
60007,0,63001
60008,0,63001
60009,0,63001
60010,0,63001
60011,0,63001
60012,0,63001
60013,0,63001
60014,0,63001
60015,0,63001
60016,0,63001
60017,0,63001
60018,0,63001
60019,0,63001
60020,0,63001
60021,0,63001
60022,0,63001
60023,0,63001
60024,0,63001
60025,0,63001
60026,0,63001
60027,0,63001
60028,0,63001
60029,0,63001
60030,0,63001
60031,0,63001
60032,0,63001
60033,0,63001
60034,0,63001
60035,0,63001
60036,0,63001
60037,0,63001
60038,0,63001
60039,0,63001
60040,0,63001
60041,0,63001
60042,0,63001
60043,0,63001
60044,0,63001
60045,0,63001
60046,0,63001
60047,0,63001
60048,0,63001
60049,0,63001
60050,0,63001
60051,0,63001
60052,0,63001
60053,0,63001
60054,0,63001
60055,0,63001
60056,0,63001
60057,0,63001
60058,0,63001
60059,0,63001
60060,0,63001
60061,0,63001
60062,0,63001
60063,0,63001
60064,0,63001
60065,0,63001
60066,0,63001
60067,0,63001
60068,0,63001
60069,0,63001
60070,0,63001
60071,0,63001
60072,0,63001
60073,0,63001
60074,0,63001
60075,0,63001
60076,0,63001
60077,0,63001
60078,0,63001
60079,0,63001
60080,0,63001
60081,0,63001
60082,0,63001
60083,0,63001
60084,0,63001
60085,0,63001
60086,0,63001
60087,0,63001
60088,0,63001
60089,0,63001
60090,0,63001
60091,0,63001
60092,0,63001
60093,0,63001
60094,0,63001
60095,0,63001
60096,0,63001
60097,0,63001
60098,0,63001
60099,0,63001
60100,0,63001
60101,0,63001
60102,0,63001
60103,0,63001
60104,0,63001
60105,0,63001
60106,0,63001
59002,0,63001
59003,0,63001
59004,0,63001
59005,0,63001
59006,0,63001
59007,0,63001
58002,0,63001
58003,0,63001
58004,0,63001
58005,0,63001
58006,0,63001
58007,0,63001
58008,0,63001
58009,0,63001
58010,0,63001
58011,0,63001
61002,0,63001
61003,0,63001
61004,0,63001
61005,0,63001
61006,0,63001
61007,0,63001
61008,0,63001
61009,0,63001
61010,0,63001
61011,0,63001
61012,0,63001
65002,0,65001
65003,0,65001
65004,0,65001
66002,0,66001
66003,0,66001
66004,0,66001
66005,0,66001
66006,0,66001
66007,0,66001
66008,0,66001
66009,0,66001
66010,0,66001
66011,0,66001
66012,0,66001
66013,0,66001
66014,0,66001
66015,0,66001
66016,0,66001
66017,0,66001
66018,0,66001
66019,0,66001
66020,0,66001
66021,0,66001
66022,0,66001
66023,0,66001
66024,0,66001
66025,0,66001
66026,0,66001
66027,0,66001
66028,0,66001
66029,0,66001
66030,0,66001
66031,0,66001
62002,0,66001
62003,0,66001
62004,0,66001
62005,0,66001
62006,0,66001
62007,0,66001
62008,0,66001
62009,0,66001
62010,0,66001
66003,1,66002
66004,1,66002
66005,1,66002
66006,1,66002
66007,1,66002
66008,1,66002
66009,1,66002
66010,1,66002
66011,1,66002
66012,1,66002
66013,1,66002
66004,2,66003
66005,2,66003
66006,2,66003
66007,2,66003
66008,2,66003
66009,2,66003
66010,2,66003
66011,2,66003
66012,2,66003
66013,2,66003
66005,3,66004
66006,3,66004
66008,3,66007
66009,3,66007
66011,3,66010
66012,3,66010
66015,1,66014
66016,1,66014
66017,1,66014
66018,1,66014
66019,1,66014
66020,1,66014
66021,1,66014
66022,1,66014
66023,1,66014
66024,1,66014
66025,1,66014
66016,2,66015
66017,2,66015
66018,2,66015
66019,2,66015
66020,2,66015
66021,2,66015
66022,2,66015
66023,2,66015
66024,2,66015
66025,2,66015
66017,3,66016
66018,3,66016
66020,3,66019
66021,3,66019
66023,3,66022
66024,3,66022
66027,1,66026
66028,1,66026
66029,1,66026
66030,1,66026
66031,1,66026
54003,1,54002
54004,1,54002
54008,1,54007
54009,1,54007
54011,1,54010
54012,1,54010
54003,0,3001
54004,0,3001
54008,0,3001
54009,0,3001
54011,0,3001
54012,0,3001
44002,0,3001
44003,0,3001
44004,0,3001
44005,0,3001
44006,0,3001
44007,0,3001
44008,0,3001
44009,0,3001
54002,0,3001
54005,0,3001
54007,0,3001
54010,0,3001
54013,0,3001
51002,0,3001
51003,0,3001
51004,0,3001
51005,0,3001
51006,0,3001
51007,0,3001
51008,0,3001
51009,0,3001
51010,0,3001
53002,0,3001
53003,0,3001
53004,0,3001
53005,0,3001
53006,0,3001
50002,0,3001
50003,0,3001
50004,0,3001
50005,0,3001
52002,0,3001
52003,0,3001
52004,0,3001
52005,0,3001
52006,0,3001
46002,0,3001
46003,0,3001
46004,0,3001
46005,0,3001
46006,0,3001
46007,0,3001
46008,0,3001
46009,0,3001
46010,0,3001
46011,0,3001
46012,0,3001
46013,0,3001
45002,0,3001
45003,0,3001
45004,0,3001
45005,0,3001
77002,0,66001
77003,0,66001
77004,0,66001
77005,0,66001
77006,0,66001
79002,0,66001
79003,0,66001
79004,0,66001
79005,0,66001
79006,0,66001
79007,0,66001
79008,0,66001
79009,0,66001
78002,0,66001
78003,0,66001
78004,0,66001
78005,0,66001
78006,0,66001
78007,0,66001
70002,0,66001
70003,0,66001
70004,0,66001
70005,0,66001
70006,0,66001
70007,0,66001
70008,0,66001
67002,0,66001
67003,0,66001
67004,0,66001
67005,0,66001
67006,0,66001
67007,0,66001
67008,0,66001
68002,0,68001
68003,0,68001
